method,dim,n_seeds,b1_max,b1_min,b1_mean,b1_var,b1_gh_max,b1_gh_min,b1_gh_mean,b1_gh_var,max_cos_max,max_cos_min,max_cos_mean,max_cos_var,mean_cos_max,mean_cos_min,mean_cos_mean,mean_cos_var
LLL,70,9,4422.93319,3148.374501,3945.048807,197691.019483,2.067745,1.463916,1.838827,0.04404,0.718345,0.624153,0.659488,0.000842,0.186479,0.160151,0.173538,5.3e-05
LLL,71,9,4326.228034,3455.798895,3944.904734,93121.532487,2.007474,1.598149,1.827781,0.020279,0.658786,0.572299,0.617109,0.000824,0.178094,0.1622,0.171476,2.6e-05
LLL,72,9,4919.215791,3606.263717,4140.594649,174750.063156,2.272539,1.667093,1.907266,0.036529,0.743181,0.607242,0.665916,0.001838,0.183517,0.164718,0.173099,3.7e-05
LLL,73,9,4983.329409,3855.035408,4258.442601,130928.723052,2.274748,1.755231,1.944448,0.028263,0.71669,0.608685,0.660096,0.001253,0.182353,0.167763,0.173865,2e-05
LLL,74,9,4716.711142,3468.90069,4184.465835,126863.122271,2.148275,1.570353,1.902823,0.027076,0.693644,0.59246,0.645188,0.001305,0.176498,0.164887,0.171113,1.6e-05
LLL,75,9,4935.198172,3950.020633,4432.674225,90853.325022,2.236853,1.779374,1.997606,0.019146,0.704058,0.615774,0.652006,0.001077,0.1784,0.164945,0.169952,1.2e-05
LLL,76,9,4568.752237,3047.294702,4237.862899,191632.495697,2.043131,1.364486,1.897781,0.038579,0.731368,0.606923,0.661704,0.001146,0.179931,0.164951,0.171423,1.9e-05
LLL,77,9,5551.410361,3617.27812,4354.07592,287631.99113,2.468961,1.605789,1.936725,0.057398,0.724453,0.608639,0.664671,0.001601,0.181166,0.166802,0.170799,1.7e-05
LLL,78,9,5977.824604,4421.836044,4893.658808,216847.244636,2.637742,1.954815,2.166655,0.041244,0.713008,0.57455,0.653271,0.001659,0.182716,0.165108,0.17179,3.4e-05
LLL,79,9,5360.224809,4559.267156,4924.577327,68471.592721,2.369751,2.001892,2.165547,0.013692,0.70215,0.612223,0.663875,0.000894,0.180178,0.166837,0.172564,1.9e-05
LLL,80,9,5697.709979,4700.844499,5080.529989,77627.143866,2.492184,2.060209,2.222105,0.0144,0.721272,0.596187,0.663248,0.001566,0.178816,0.164735,0.173234,1.5e-05
LLL,81,9,6168.842679,4326.963254,4895.360397,372006.253928,2.682623,1.878469,2.130409,0.070557,0.716073,0.584462,0.654458,0.002228,0.180825,0.16348,0.171013,4.3e-05
LLL,82,9,5992.733099,5135.585848,5487.086195,75891.528659,2.599135,2.220226,2.375425,0.014731,0.724127,0.634493,0.675326,0.000703,0.179092,0.166589,0.173419,2e-05
LLL,83,9,5938.793817,3869.631507,5337.27461,390487.630872,2.544512,1.659137,2.294585,0.072502,0.700765,0.582746,0.66093,0.001105,0.180901,0.167181,0.172048,1.8e-05
LLL,84,9,6278.466214,4746.302456,5355.287518,269571.603021,2.683674,2.024571,2.287483,0.048735,0.728049,0.597816,0.656244,0.001743,0.183149,0.164338,0.172359,3.3e-05
LLL,85,9,6327.337987,4743.814499,5678.704473,230280.729739,2.681613,2.02441,2.411887,0.040533,0.724679,0.601249,0.663706,0.001045,0.180259,0.162066,0.174091,3e-05
LLL,86,9,7897.603814,4571.361285,5882.500142,836275.746028,3.339226,1.935348,2.485781,0.148849,0.696943,0.582044,0.658023,0.00106,0.187224,0.161138,0.173107,9e-05
LLL,87,9,7344.97066,4653.815746,5738.981151,779692.127457,3.086483,1.9607,2.413947,0.137328,0.749493,0.616714,0.669243,0.001616,0.186483,0.162331,0.173379,7e-05
LLL,88,9,6118.152009,4806.921156,5534.727526,165196.328068,2.55836,2.005342,2.31449,0.029534,0.702725,0.622454,0.661259,0.000651,0.177867,0.15951,0.168383,3e-05
LLL,89,9,6642.64902,5173.81629,5888.337509,183205.043753,2.753291,2.152376,2.448245,0.031009,0.737928,0.596738,0.665248,0.00169,0.181441,0.168337,0.174049,1.7e-05
LLL,90,9,6545.496467,4724.470976,5854.721255,258035.359645,2.699484,1.959855,2.422882,0.043527,0.717187,0.595849,0.653603,0.001686,0.182626,0.163134,0.172345,3.1e-05
LLL,91,9,7606.480395,5260.343715,6283.109043,657959.308856,3.140392,2.16065,2.583678,0.113119,0.742292,0.617082,0.680447,0.001738,0.178367,0.162407,0.169296,2.5e-05
LLL,92,9,6768.346475,5368.783382,6175.832185,218871.823578,2.768966,2.190934,2.52439,0.036951,0.68644,0.612256,0.658326,0.000425,0.17438,0.16541,0.170856,9e-06
LLL,93,9,7532.789523,5755.434128,6647.334715,255478.414605,3.061745,2.350539,2.707623,0.040858,0.696296,0.624701,0.663867,0.000616,0.183668,0.165617,0.171447,2.9e-05
LLL,94,9,7136.178459,5194.157776,6348.461527,284891.907037,2.891786,2.109439,2.571926,0.046205,0.722296,0.639821,0.666736,0.00068,0.178226,0.159673,0.171296,2.7e-05
LLL,95,9,8280.276867,5705.849718,6941.306367,588810.700264,3.350697,2.301947,2.80021,0.097619,0.71867,0.602534,0.650917,0.001134,0.174459,0.167041,0.171507,5e-06
LLL,96,9,9138.8647,5456.317256,6957.450503,1311458.827659,3.657531,2.189991,2.791059,0.208118,0.746101,0.61105,0.660912,0.001667,0.186695,0.161235,0.170384,5.3e-05
LLL,97,9,8594.373916,5771.758138,6930.464288,662625.980178,3.431352,2.299875,2.769842,0.106627,0.694712,0.609843,0.65488,0.000774,0.178779,0.161796,0.169371,2.8e-05
LLL,98,9,8354.386034,6880.915564,7449.219539,324020.14298,3.310464,2.72896,2.957826,0.050588,0.710281,0.591071,0.650268,0.001467,0.179859,0.165452,0.17121,2e-05
LLL,99,9,9525.808995,5682.735697,7251.912687,1003572.71824,3.755836,2.249434,2.862582,0.154542,0.705341,0.636235,0.651556,0.000479,0.177538,0.162184,0.168338,2.6e-05
LLL,100,9,8055.202108,6278.342297,7190.068686,439988.844058,3.163881,2.46446,2.827488,0.067783,0.732019,0.594623,0.654033,0.001696,0.173985,0.161578,0.166539,2.6e-05
LLL,101,9,9860.610934,5797.572337,7656.779488,1238068.309488,3.848859,2.274155,2.998514,0.186649,0.705392,0.594391,0.647921,0.001633,0.178525,0.152888,0.167109,6.4e-05
LLL,102,9,8436.632978,6174.000648,7598.640511,401634.273008,3.278591,2.411226,2.959647,0.059878,0.713695,0.605977,0.664617,0.000822,0.177222,0.158075,0.166555,2.5e-05
LLL,103,9,9510.242216,7315.200407,8161.409814,389897.292919,3.679324,2.838105,3.169773,0.057394,0.758037,0.639374,0.686197,0.001493,0.177965,0.164777,0.169076,1.4e-05
LLL,104,9,8587.895551,7468.409871,7983.73599,185898.203918,3.312863,2.887557,3.080937,0.026818,0.734067,0.597427,0.652411,0.001443,0.174028,0.159919,0.167111,2.1e-05
LLL,105,9,10015.168546,7169.662544,8837.400974,791184.470817,3.84096,2.75069,3.394971,0.114921,0.711623,0.650831,0.677364,0.00041,0.180134,0.163512,0.172689,2.6e-05
LLL,106,9,9515.272881,7212.430312,8306.918359,654197.041673,3.6447,2.757091,3.180642,0.097871,0.693611,0.603416,0.661414,0.000648,0.176619,0.154106,0.165895,3.6e-05
LLL,107,9,10359.207161,7117.502652,8554.41023,1363588.387706,3.93567,2.717556,3.257823,0.194789,0.734595,0.609694,0.65954,0.0013,0.174862,0.155492,0.165442,4.7e-05
LLL,108,9,10170.22512,7288.246428,8822.019209,819773.734199,3.847799,2.765936,3.343262,0.116452,0.689786,0.635827,0.662937,0.000282,0.17464,0.160413,0.167744,2.1e-05
LLL,109,9,11779.944737,8559.00777,9682.840883,1167670.433209,4.460928,3.221428,3.653387,0.169902,0.724113,0.611743,0.681513,0.001062,0.17982,0.160949,0.169001,4e-05
LLL,110,9,10126.746417,7783.704003,9196.279246,551232.913826,3.812874,2.921924,3.457092,0.079677,0.738034,0.633329,0.673691,0.000832,0.175853,0.16243,0.168259,2.1e-05
BKZ,70,9,3701.098215,3077.080109,3283.268483,29321.738296,1.723235,1.435216,1.530099,0.006401,0.628779,0.565949,0.595478,0.000606,0.163944,0.155395,0.160356,6e-06
BKZ,71,9,3693.347127,3073.242425,3280.618239,35075.080893,1.713355,1.421572,1.519997,0.007747,0.639436,0.565249,0.604023,0.000597,0.165646,0.157655,0.161543,8e-06
BKZ,72,9,3644.150656,3322.469262,3511.321602,13448.493568,1.675137,1.53393,1.617433,0.002492,0.659882,0.557109,0.615542,0.000965,0.164896,0.155711,0.161124,7e-06
BKZ,73,9,3583.93443,3322.196713,3427.614538,6757.692568,1.642018,1.512625,1.564914,0.001523,0.667724,0.569877,0.608714,0.000778,0.163806,0.158873,0.16137,3e-06
BKZ,74,9,3825.101959,3320.646323,3524.885544,17766.126631,1.737372,1.504505,1.602704,0.003732,0.699375,0.557271,0.621821,0.001771,0.166236,0.151104,0.161757,1.9e-05
BKZ,75,9,3891.726866,3121.86739,3558.937638,42970.558268,1.760478,1.404275,1.603789,0.008943,0.646973,0.559205,0.600875,0.000803,0.164073,0.156581,0.160167,6e-06
BKZ,76,9,3890.694925,3047.294702,3545.598844,68116.060854,1.740888,1.364486,1.587752,0.013689,0.660147,0.579434,0.615352,0.000732,0.170028,0.151455,0.158852,2.3e-05
BKZ,77,9,4016.228953,3422.749041,3763.411674,30990.130106,1.788058,1.519433,1.674001,0.006577,0.653667,0.569451,0.615521,0.00071,0.163969,0.154961,0.1585,8e-06
BKZ,78,9,4037.603497,3676.15288,3862.498751,14099.173529,1.78933,1.625162,1.71027,0.002622,0.713164,0.583283,0.643038,0.001274,0.164086,0.155648,0.160138,6e-06
BKZ,79,9,4219.301127,3617.989497,3995.652695,30140.543339,1.860555,1.590449,1.757038,0.006032,0.668547,0.580814,0.614136,0.000863,0.16604,0.155156,0.160192,1.2e-05
BKZ,80,9,4467.279485,3450.030725,3997.996002,83917.63202,1.948623,1.505869,1.748752,0.016138,0.659008,0.576412,0.609257,0.000687,0.16625,0.152857,0.16083,2e-05
BKZ,81,9,4272.698445,3566.197134,4062.609946,34754.53593,1.854911,1.547375,1.768067,0.006807,0.666278,0.566568,0.616706,0.000878,0.163097,0.155824,0.159562,5e-06
BKZ,82,9,4680.668115,3929.904833,4284.043389,46057.682155,2.030073,1.701741,1.854525,0.008618,0.68331,0.595353,0.63483,0.000982,0.164919,0.157633,0.160718,5e-06
BKZ,83,9,4483.950379,3869.631507,4267.25924,34519.024368,1.931158,1.659137,1.834583,0.006784,0.666746,0.567057,0.613699,0.001124,0.166063,0.15579,0.160239,1.2e-05
BKZ,84,9,4826.778325,3992.413305,4430.504328,68621.732721,2.057661,1.709434,1.892432,0.012081,0.656186,0.578446,0.617636,0.000648,0.165051,0.154044,0.160192,1e-05
BKZ,85,9,4920.674344,4152.504907,4523.192604,59557.777001,2.086908,1.765953,1.921167,0.010247,0.704932,0.583329,0.625311,0.001273,0.168732,0.155565,0.161345,2.3e-05
BKZ,86,9,4855.792623,4109.816541,4542.655368,66229.09447,2.049307,1.736278,1.919738,0.01196,0.690894,0.585681,0.632497,0.000769,0.161112,0.153249,0.157901,7e-06
BKZ,87,9,5003.787166,4402.028964,4681.110594,36414.939871,2.106075,1.85462,1.969006,0.006126,0.66125,0.583429,0.619886,0.000893,0.161769,0.157261,0.159548,3e-06
BKZ,88,9,5058.701612,4395.978503,4770.606813,35137.524779,2.109118,1.833934,1.994879,0.006365,0.675744,0.584365,0.632712,0.000879,0.16343,0.154734,0.159907,9e-06
BKZ,89,9,5152.945759,4508.040372,4835.445741,52140.925704,2.136391,1.882132,2.010579,0.009008,0.647417,0.568012,0.60915,0.000725,0.160647,0.155675,0.157853,3e-06
BKZ,90,9,5332.085802,4660.19903,4905.798586,43798.007855,2.206968,1.9269,2.030373,0.00778,0.651027,0.587524,0.614576,0.00028,0.164239,0.152035,0.158067,1.2e-05
BKZ,91,9,5326.457922,4245.094227,4883.90173,130042.556131,2.184799,1.743643,2.008176,0.022395,0.74757,0.576717,0.656711,0.002597,0.162781,0.152612,0.157602,8e-06
BKZ,92,9,5627.304328,4486.360217,5131.13314,107610.587799,2.30113,1.838227,2.09724,0.017766,0.668748,0.567167,0.62372,0.001155,0.163495,0.155332,0.159313,9e-06
BKZ,93,9,5676.131958,4980.881147,5215.205075,45563.137186,2.307096,2.029937,2.124494,0.0075,0.642397,0.588237,0.606045,0.000317,0.16388,0.152926,0.158115,9e-06
BKZ,94,9,5567.557723,4878.84597,5304.457848,35107.165904,2.258111,1.981386,2.149007,0.005462,0.684658,0.575428,0.631146,0.001442,0.161175,0.153848,0.157339,7e-06
BKZ,95,9,6093.99278,5064.738888,5669.4659,96529.847981,2.449632,2.041125,2.286985,0.016084,0.733655,0.632202,0.662107,0.000832,0.161052,0.154086,0.159025,5e-06
BKZ,96,9,5972.592486,5168.98433,5560.600443,57575.49516,2.394876,2.076171,2.231043,0.009127,0.647722,0.587019,0.62337,0.000396,0.163903,0.153465,0.159037,9e-06
BKZ,97,9,6152.286404,5150.823235,5758.622147,93735.742538,2.456335,2.063165,2.301376,0.015083,0.651672,0.568893,0.620019,0.000737,0.161448,0.154284,0.158495,8e-06
BKZ,98,9,6041.496255,5526.800973,5791.755897,33670.736985,2.394062,2.188405,2.299787,0.005421,0.680803,0.567938,0.632163,0.001391,0.164079,0.154832,0.159208,9e-06
BKZ,99,9,6430.715512,5676.949181,5979.553411,54275.668165,2.534535,2.239896,2.360547,0.008184,0.648413,0.582629,0.616348,0.00043,0.163702,0.152161,0.15857,1e-05
BKZ,100,9,6484.726671,5403.369967,6139.826979,103013.228746,2.544578,2.13249,2.414338,0.015205,0.699541,0.568285,0.628154,0.001711,0.165859,0.152518,0.157107,1.5e-05
BKZ,101,9,6789.150389,5677.893888,6136.208093,152390.568481,2.667413,2.22721,2.40342,0.023468,0.701223,0.604237,0.639945,0.000778,0.161667,0.153223,0.157756,6e-06
BKZ,102,9,7290.304109,5953.174111,6407.504281,154658.560729,2.832766,2.318725,2.495791,0.022966,0.656968,0.581447,0.626074,0.000632,0.159832,0.152353,0.156781,6e-06
BKZ,103,9,6890.215381,5918.003971,6467.167167,86335.060251,2.679987,2.289558,2.512029,0.013623,0.683246,0.587121,0.641781,0.00065,0.158779,0.153973,0.156456,2e-06
BKZ,104,9,6784.295984,6149.240197,6488.331805,44078.160157,2.618384,2.377546,2.503992,0.006683,0.672983,0.560193,0.612337,0.000855,0.160285,0.155133,0.157515,2e-06
BKZ,105,9,6997.390371,6060.318143,6544.633326,95400.848953,2.690376,2.324218,2.514475,0.014649,0.701118,0.596599,0.643282,0.001288,0.161034,0.155589,0.157925,3e-06
BKZ,106,9,7371.194137,6356.745,6840.438058,115757.618853,2.823439,2.435805,2.618988,0.017513,0.714298,0.610569,0.648853,0.001066,0.163122,0.153807,0.156962,9e-06
BKZ,107,9,7774.93672,6212.035496,7019.121639,238155.633821,2.952924,2.370738,2.67341,0.034068,0.670838,0.576164,0.629818,0.00085,0.161617,0.148596,0.158067,1.5e-05
BKZ,108,9,7695.632463,6541.743575,7243.77758,138794.818987,2.91182,2.478053,2.745272,0.019613,0.712374,0.568138,0.632673,0.001695,0.162088,0.153052,0.156469,9e-06
BKZ,109,9,7511.119823,6359.291549,7106.44929,136839.93082,2.834917,2.393502,2.681119,0.020214,0.708705,0.606146,0.646982,0.00095,0.162349,0.152386,0.15702,1.1e-05
BKZ,110,9,7969.955081,6875.577721,7389.439381,71281.413617,2.989417,2.583021,2.777598,0.009755,0.663148,0.605859,0.635569,0.000406,0.16316,0.151043,0.156985,1.3e-05
ENUM,70,9,3286.289397,3038.792359,3176.07747,7157.906507,1.529045,1.415972,1.480135,0.001562,0.613428,0.558116,0.583779,0.000298,0.164207,0.15734,0.159978,5e-06
ENUM,71,9,3288.364335,2940.042347,3130.886062,13313.131467,1.52494,1.363894,1.450531,0.002791,0.615513,0.557595,0.590912,0.000269,0.166474,0.153221,0.158582,1.4e-05
ENUM,72,9,3392.286987,2998.776584,3185.240614,18960.231863,1.566925,1.383111,1.467277,0.003869,0.675669,0.56567,0.621881,0.001275,0.162371,0.154909,0.159654,5e-06
ENUM,73,9,3553.239226,3086.634251,3289.11879,16215.252358,1.630327,1.405304,1.501757,0.003716,0.671299,0.578737,0.620371,0.000769,0.163946,0.158107,0.161432,3e-06
ENUM,74,9,3613.616056,3217.970945,3397.967966,15271.034708,1.637242,1.468091,1.544879,0.002854,0.65787,0.555761,0.604157,0.000815,0.162979,0.155433,0.159027,6e-06
ENUM,75,9,3840.041015,3307.913542,3532.166147,22594.980103,1.725973,1.487962,1.591559,0.004271,0.664009,0.537586,0.599697,0.001302,0.161547,0.152872,0.157992,1e-05
ENUM,76,9,3684.206563,3047.294702,3402.13893,35936.926022,1.657401,1.364486,1.523588,0.007484,0.667593,0.572635,0.608374,0.000768,0.161805,0.152086,0.157283,8e-06
ENUM,77,9,3692.271658,3229.526126,3454.576697,26544.289209,1.639126,1.433657,1.53655,0.005377,0.667578,0.565046,0.600762,0.000819,0.160459,0.156281,0.158138,2e-06
ENUM,78,9,3676.15288,3420.634883,3543.919686,5557.702081,1.625162,1.520593,1.569219,0.001012,0.677015,0.568851,0.623445,0.001421,0.161667,0.152047,0.155763,1.2e-05
ENUM,79,9,3939.915989,3603.835457,3779.862401,10360.78659,1.730433,1.582363,1.662087,0.00199,0.744162,0.558881,0.600881,0.00277,0.161839,0.151336,0.157185,1.1e-05
ENUM,80,9,3981.970241,3611.424511,3794.020407,14152.929249,1.73805,1.576994,1.659525,0.00281,0.756786,0.584356,0.628227,0.002386,0.16443,0.153666,0.158701,1e-05
ENUM,81,9,4231.387597,3716.03458,3944.774098,26907.759044,1.834629,1.620348,1.716539,0.004494,0.680019,0.551541,0.611103,0.001574,0.165276,0.154908,0.158333,1.2e-05
ENUM,82,9,4383.60719,3892.16752,4073.336026,20396.289707,1.898503,1.690273,1.763274,0.003663,0.684318,0.58733,0.622991,0.001106,0.161337,0.156313,0.159475,2e-06
ENUM,83,9,4265.926511,3869.631507,4069.741698,12291.514065,1.83813,1.659137,1.749618,0.002485,0.700882,0.553957,0.610973,0.001992,0.16219,0.15577,0.158487,5e-06
ENUM,84,9,4427.521316,3680.451874,4165.92828,43569.896134,1.887571,1.573176,1.77954,0.007995,0.663244,0.575663,0.614579,0.001032,0.162988,0.153789,0.158586,9e-06
ENUM,85,9,4539.817838,3992.654881,4283.999902,19255.726538,1.924037,1.697829,1.819643,0.00329,0.69979,0.530673,0.602752,0.002159,0.162375,0.151372,0.157846,1.3e-05
ENUM,86,9,4827.767496,4177.812107,4502.47963,32312.402313,2.041253,1.765677,1.902712,0.005727,0.641856,0.580003,0.612328,0.000402,0.162445,0.156275,0.159172,3e-06
ENUM,87,9,4732.690778,4144.883111,4394.194802,23758.04644,1.983749,1.746282,1.848328,0.003933,0.643084,0.590577,0.62219,0.000409,0.160319,0.152181,0.156303,6e-06
ENUM,88,9,4741.778358,4475.798476,4605.40148,6890.545639,1.991316,1.871971,1.925786,0.001399,0.694089,0.578662,0.630856,0.00126,0.162366,0.152491,0.157707,1.2e-05
ENUM,89,9,4976.793345,4361.406998,4604.413039,36634.56637,2.076193,1.811748,1.9146,0.006646,0.661987,0.564755,0.597389,0.000695,0.160276,0.151842,0.156151,5e-06
ENUM,90,9,4965.197881,4302.680095,4627.99763,49184.712254,2.04774,1.779073,1.915399,0.008662,0.65206,0.587683,0.616431,0.000532,0.160087,0.151546,0.155646,7e-06
ENUM,91,9,5140.59481,4245.094227,4829.185129,79951.655168,2.118226,1.743643,1.98571,0.014072,0.71609,0.558355,0.615421,0.002038,0.165454,0.151217,0.156592,1.5e-05
ENUM,92,9,5017.365743,4404.660032,4793.679768,36216.722852,2.047525,1.803647,1.959349,0.005984,0.623257,0.567516,0.600278,0.000252,0.161049,0.152572,0.156957,6e-06
ENUM,93,9,5297.13885,4207.05681,4858.398997,99968.40971,2.15221,1.713274,1.979054,0.016175,0.685552,0.569665,0.626585,0.001554,0.159137,0.151817,0.155232,5e-06
ENUM,94,9,5324.837275,4907.024047,5193.643121,19906.907134,2.159382,1.990209,2.104151,0.003138,0.673501,0.588453,0.626888,0.000825,0.160144,0.152278,0.155976,9e-06
ENUM,95,9,5627.140926,4761.911696,5179.390962,65637.149988,2.271948,1.921128,2.08924,0.010799,0.665546,0.560901,0.612382,0.000931,0.157777,0.150271,0.154786,5e-06
ENUM,96,9,5264.463126,4887.733422,5110.180967,10633.480582,2.120128,1.959126,2.050373,0.001787,0.680474,0.592926,0.628371,0.000817,0.160102,0.15314,0.15597,6e-06
ENUM,97,9,5823.768711,5220.261871,5489.629523,34682.143933,2.326456,2.088371,2.193846,0.005503,0.697639,0.585573,0.627074,0.001113,0.160751,0.154065,0.156669,5e-06
ENUM,98,9,5793.393565,5263.612543,5490.421964,28551.992134,2.303455,2.098338,2.180092,0.004437,0.700279,0.573485,0.636249,0.001643,0.160307,0.152557,0.157131,6e-06
ENUM,99,9,6084.892439,4689.828035,5581.244396,134944.771514,2.400854,1.856155,2.203247,0.020599,0.675622,0.582446,0.620191,0.00101,0.161827,0.1541,0.157564,4e-06
ENUM,100,9,6157.162577,5258.019019,5678.588853,73913.527955,2.428018,2.061901,2.233279,0.012149,0.680242,0.574229,0.624251,0.00107,0.157569,0.152687,0.155207,2e-06
ENUM,101,9,6572.126901,5452.754442,5850.04464,138661.371499,2.575085,2.129338,2.291355,0.02137,0.689666,0.581631,0.620523,0.001075,0.159787,0.15294,0.15568,4e-06
ENUM,102,9,6339.431915,5503.478355,5937.979147,87835.655612,2.46359,2.149357,2.312992,0.013376,0.781803,0.57002,0.63551,0.003574,0.163783,0.150579,0.156751,1.7e-05
ENUM,103,9,6368.562161,5640.69845,6133.405605,45591.016122,2.474071,2.193981,2.382265,0.006873,0.695413,0.581333,0.619208,0.000895,0.158812,0.149079,0.154796,1e-05
ENUM,104,9,6353.308823,5709.206863,6140.677076,38996.712273,2.454118,2.197502,2.369872,0.006119,0.729746,0.582649,0.63527,0.001538,0.156733,0.150804,0.153786,3e-06
ENUM,105,9,6822.558245,5930.25303,6409.797566,100765.613311,2.630341,2.275182,2.462635,0.015247,0.653324,0.573883,0.623044,0.000711,0.16004,0.152835,0.156332,4e-06
ENUM,106,9,6982.018619,6121.922982,6599.640392,47120.026201,2.675226,2.347257,2.526664,0.00676,0.652216,0.605466,0.62652,0.000252,0.159943,0.150169,0.154413,9e-06
ENUM,107,9,7225.694915,6212.035496,6592.952163,100894.881411,2.756939,2.370738,2.511109,0.014348,0.650006,0.568429,0.603513,0.000486,0.156675,0.150946,0.153521,3e-06
ENUM,108,9,7381.078173,5945.006392,6617.144639,163367.717407,2.795998,2.261019,2.50773,0.022952,0.660649,0.599763,0.630029,0.000399,0.162618,0.149799,0.15466,1.4e-05
ENUM,109,9,7418.232471,6325.94325,6847.358526,127117.996276,2.809199,2.38095,2.583331,0.018642,0.651384,0.573392,0.622263,0.000599,0.159826,0.151461,0.155923,6e-06
ENUM,110,9,7622.767739,6728.717708,7186.579494,70849.61657,2.869028,2.530781,2.701375,0.009903,0.645549,0.565858,0.605319,0.000499,0.158458,0.151185,0.155444,6e-06
ENUM_SIEVE,70,9,3209.352115,2692.874486,2952.406098,18198.009095,1.49691,1.25212,1.37595,0.004101,0.652435,0.550685,0.608758,0.00144,0.160213,0.154252,0.156753,5e-06
ENUM_SIEVE,71,9,3153.02569,2844.85149,2948.344541,13534.244569,1.460782,1.315926,1.366022,0.003013,0.631307,0.51877,0.58109,0.001384,0.160884,0.15131,0.156768,8e-06
ENUM_SIEVE,72,9,3186.300362,2914.463759,3115.048475,5820.773898,1.460682,1.34729,1.43496,0.001135,0.703261,0.553474,0.626974,0.002139,0.160128,0.154558,0.157187,5e-06
ENUM_SIEVE,73,9,3380.840576,2853.960932,3098.29151,21279.827654,1.548968,1.307648,1.414551,0.004521,0.684752,0.534253,0.609587,0.002333,0.16037,0.151213,0.156378,8e-06
ENUM_SIEVE,74,9,3397.649776,2903.385266,3170.609998,24092.240226,1.550064,1.317878,1.441635,0.00508,0.632954,0.5531,0.592915,0.000502,0.161848,0.153318,0.15699,7e-06
ENUM_SIEVE,75,9,3413.063726,2872.490035,3217.652825,22186.855839,1.535689,1.301941,1.449782,0.004095,0.632782,0.558596,0.587613,0.000561,0.161173,0.152318,0.155908,9e-06
ENUM_SIEVE,76,9,3399.242416,2872.722924,3253.073289,27388.287173,1.521595,1.284672,1.456786,0.0056,0.652138,0.573159,0.610638,0.000524,0.165131,0.151239,0.15661,1.6e-05
ENUM_SIEVE,77,9,3547.691644,3148.498531,3363.315064,12065.223214,1.577818,1.397688,1.495936,0.002445,0.695021,0.559736,0.604425,0.00195,0.161133,0.150901,0.15571,9e-06
ENUM_SIEVE,78,9,3956.11375,3374.852441,3581.384209,26725.035256,1.759087,1.491962,1.585928,0.005562,0.662472,0.559999,0.595294,0.001134,0.160916,0.14931,0.154805,1.3e-05
ENUM_SIEVE,79,9,3795.067457,3533.964063,3689.602068,8797.026451,1.673483,1.554378,1.622459,0.00189,0.624097,0.574269,0.594472,0.000255,0.161951,0.151583,0.155701,1.1e-05
ENUM_SIEVE,80,9,3800.737428,3042.412365,3487.695866,49769.09908,1.661683,1.332696,1.525464,0.009389,0.625029,0.553484,0.591123,0.000332,0.161449,0.147387,0.154712,1.7e-05
ENUM_SIEVE,81,9,3997.672948,3566.197134,3798.157918,20878.98348,1.735513,1.547375,1.652943,0.004062,0.665115,0.571265,0.616979,0.000649,0.16076,0.151915,0.156367,1e-05
ENUM_SIEVE,82,9,4116.857539,3430.160783,3860.140807,33720.951083,1.779807,1.488087,1.670975,0.006149,0.694286,0.571576,0.61782,0.001226,0.158235,0.149771,0.155461,6e-06
ENUM_SIEVE,83,9,4256.130755,3603.507042,3934.001004,34321.876667,1.83304,1.545034,1.691282,0.006604,0.672045,0.572248,0.617279,0.00086,0.161148,0.153756,0.157287,6e-06
ENUM_SIEVE,84,9,4522.287032,3992.413305,4243.428416,32333.276661,1.932278,1.709434,1.812572,0.005674,0.655423,0.573283,0.607823,0.00053,0.1623,0.1532,0.157445,1e-05
ENUM_SIEVE,85,9,4298.21428,3776.175314,4032.822592,31559.612073,1.822916,1.600989,1.712949,0.005504,0.701417,0.542352,0.622226,0.003044,0.160515,0.152038,0.156735,6e-06
ENUM_SIEVE,86,9,4695.229281,4007.01697,4342.808158,55724.191,1.985214,1.692848,1.835226,0.009873,0.660743,0.565941,0.608355,0.000898,0.158571,0.150517,0.155038,6e-06
ENUM_SIEVE,87,9,4487.39089,3910.567606,4333.438105,28969.191116,1.890584,1.644742,1.822799,0.004971,0.684042,0.542861,0.626468,0.001971,0.161445,0.152778,0.155982,6e-06
ENUM_SIEVE,88,9,4764.160996,4070.31387,4429.587803,46368.894334,1.996179,1.708615,1.852159,0.007896,0.65622,0.578526,0.613295,0.000627,0.162137,0.151868,0.156104,1.1e-05
ENUM_SIEVE,89,9,4841.566585,4329.001502,4524.121855,37374.554787,2.006806,1.794314,1.881112,0.006357,0.686051,0.571983,0.620866,0.001562,0.161054,0.15138,0.155371,1e-05
ENUM_SIEVE,90,9,4862.174308,4374.358353,4633.481325,25531.144124,2.013316,1.810561,1.917683,0.004681,0.712688,0.552045,0.603126,0.002162,0.159434,0.151664,0.154831,7e-06
ENUM_SIEVE,91,9,5161.425578,4299.125144,4734.619066,92239.080193,2.123826,1.769198,1.94673,0.015756,0.650289,0.580497,0.612609,0.000557,0.156335,0.151412,0.154279,3e-06
ENUM_SIEVE,92,9,5093.744104,4317.557875,4795.270738,47269.218755,2.082945,1.769062,1.959979,0.007761,0.708945,0.571735,0.622954,0.001944,0.162788,0.150587,0.155298,1.5e-05
ENUM_SIEVE,93,9,5323.289303,4554.624573,4947.97375,58549.546831,2.16407,1.858519,2.015486,0.009073,0.675358,0.560753,0.604996,0.001381,0.159941,0.147269,0.155243,1.3e-05
ENUM_SIEVE,94,9,5260.298185,4416.11628,4995.337262,66256.750949,2.134089,1.78994,2.023783,0.010642,0.648722,0.578202,0.616947,0.000647,0.161357,0.150717,0.155232,1.1e-05
ENUM_SIEVE,95,9,5737.788947,5035.967534,5351.870487,48548.397282,2.321854,2.038394,2.158788,0.007928,0.724884,0.567733,0.629688,0.001561,0.163241,0.147448,0.156346,2.2e-05
ENUM_SIEVE,96,9,5885.954383,4975.631518,5321.466686,66612.199789,2.360136,1.992309,2.135156,0.01082,0.681838,0.560875,0.605891,0.001175,0.160132,0.151018,0.156224,1.1e-05
ENUM_SIEVE,97,9,6021.649276,4907.23578,5398.689185,104572.638729,2.406536,1.960323,2.157438,0.016382,0.693524,0.583059,0.622294,0.000869,0.159945,0.151112,0.155411,5e-06
ENUM_SIEVE,98,9,6089.18295,5171.30235,5540.745781,90073.635051,2.414073,2.049153,2.199962,0.013618,0.704797,0.565122,0.623576,0.001452,0.158286,0.151305,0.155214,5e-06
ENUM_SIEVE,99,9,5944.746925,5128.563054,5595.735847,57354.44574,2.343001,2.029799,2.209008,0.008628,0.660057,0.564789,0.61178,0.000838,0.158849,0.148959,0.154011,7e-06
ENUM_SIEVE,100,9,6311.560267,5479.730468,5895.472302,69108.775719,2.479022,2.150978,2.318454,0.0109,0.655879,0.578533,0.615593,0.000513,0.160955,0.154657,0.156612,3e-06
ENUM_SIEVE,101,9,6836.381353,5516.50741,5916.918014,136012.991683,2.668422,2.154234,2.317415,0.020266,0.691222,0.571364,0.633099,0.001129,0.15881,0.151309,0.15447,5e-06
ENUM_SIEVE,102,9,7147.733697,5632.114345,6126.344025,153772.103474,2.789674,2.199595,2.3864,0.023624,0.687286,0.574868,0.614187,0.001115,0.15882,0.150046,0.154037,7e-06
ENUM_SIEVE,103,9,6925.468287,5536.794921,6202.915901,156214.43648,2.689793,2.142076,2.409384,0.024087,0.632839,0.583404,0.606413,0.000275,0.160147,0.149459,0.155128,1.1e-05
ENUM_SIEVE,104,9,6691.565886,5965.384732,6287.511854,72495.247546,2.587219,2.304542,2.426452,0.010707,0.656102,0.595616,0.627596,0.000464,0.158414,0.151792,0.155433,6e-06
ENUM_SIEVE,105,9,6984.514013,6060.318143,6475.030124,94642.221639,2.679657,2.324218,2.48768,0.01426,0.671076,0.57343,0.611278,0.001104,0.16039,0.14773,0.153799,1.4e-05
ENUM_SIEVE,106,9,6769.145367,5687.472022,6402.532594,84837.718128,2.592383,2.17261,2.451298,0.012724,0.647511,0.583995,0.616723,0.000459,0.15893,0.151396,0.154686,6e-06
ENUM_SIEVE,107,9,7015.8936,6203.93488,6685.583934,59604.793197,2.665926,2.368744,2.546344,0.008094,0.656007,0.579166,0.615989,0.000717,0.160934,0.151148,0.154931,7e-06
ENUM_SIEVE,108,9,7168.370177,6395.26356,6753.286145,58871.125906,2.716562,2.432262,2.559409,0.008336,0.693731,0.58332,0.632662,0.001102,0.158394,0.148748,0.153895,1e-05
ENUM_SIEVE,109,9,7544.655062,6209.949436,6988.788476,155137.527483,2.857073,2.348137,2.636604,0.022234,0.728623,0.587943,0.638146,0.001634,0.159406,0.148839,0.155042,1.2e-05
ENUM_SIEVE,110,9,7867.715806,6809.01733,7241.895018,91793.77436,2.954635,2.559098,2.722117,0.012567,0.70454,0.595918,0.648595,0.001058,0.162252,0.15185,0.156827,1.2e-05
