0.00000,0.00000,0.00000,0.00000,0.00000,0.00000,0.00000,0.00000,0.00000,0.00000,0.00000,0.00000,0.00000,0.00000,0.00000,0.00000,0.00000,0.00000,0.00000,0.00000,0.00000,0.00000,0.00000,0.00000,0.00000,0.00000,0.00000,0.00000,0.00000,0.00000,0.00000,0.00000,0.00000,0.00000,0.00000,0.00000,0.00000,0.00000,0.00000,0.00000,0.00000,0.00000,0.00000,0.00000,0.00000,0.00000,0.00000,0.00000,0.00000,0.00000,0.00000,0.00000,0.00000,0.00000,0.00000,0.00000,0.00000,0.00000,0.00000,0.00000,0.00000,0.00000,0.00000,0.00000,0.00000,0.00000,0.00000,0.00000,0.00000,0.00000,0.00000,0.00000,0.00000,0.00000,0.00000,0.00000,0.00000,0.00000,0.00000,0.00000,0.00000
0.07255,0.00000,0.00000,0.00000,0.00000,0.00000,0.00000,0.00000,0.00000,0.00000,0.00000,0.00000,0.00000,0.00000,0.00000,0.00000,0.00000,0.00000,0.00000,0.00000,0.00000,0.00000,0.00000,0.00000,0.00000,0.00000,0.00000,0.00000,0.00000,0.00000,0.00000,0.00000,0.00000,0.00000,0.00000,0.00000,0.00000,0.00000,0.00000,0.00000,0.00000,0.00000,0.00000,0.00000,0.00000,0.00000,0.00000,0.00000,0.00000,0.00000,0.00000,0.00000,0.00000,0.00000,0.00000,0.00000,0.00000,0.00000,0.00000,0.00000,0.00000,0.00000,0.00000,0.00000,0.00000,0.00000,0.00000,0.00000,0.00000,0.00000,0.00000,0.00000,0.00000,0.00000,0.00000,0.00000,0.00000,0.00000,0.00000,0.00000,0.00000
0.08504,0.44241,0.00000,0.00000,0.00000,0.00000,0.00000,0.00000,0.00000,0.00000,0.00000,0.00000,0.00000,0.00000,0.00000,0.00000,0.00000,0.00000,0.00000,0.00000,0.00000,0.00000,0.00000,0.00000,0.00000,0.00000,0.00000,0.00000,0.00000,0.00000,0.00000,0.00000,0.00000,0.00000,0.00000,0.00000,0.00000,0.00000,0.00000,0.00000,0.00000,0.00000,0.00000,0.00000,0.00000,0.00000,0.00000,0.00000,0.00000,0.00000,0.00000,0.00000,0.00000,0.00000,0.00000,0.00000,0.00000,0.00000,0.00000,0.00000,0.00000,0.00000,0.00000,0.00000,0.00000,0.00000,0.00000,0.00000,0.00000,0.00000,0.00000,0.00000,0.00000,0.00000,0.00000,0.00000,0.00000,0.00000,0.00000,0.00000,0.00000
0.11688,0.27923,0.53160,0.00000,0.00000,0.00000,0.00000,0.00000,0.00000,0.00000,0.00000,0.00000,0.00000,0.00000,0.00000,0.00000,0.00000,0.00000,0.00000,0.00000,0.00000,0.00000,0.00000,0.00000,0.00000,0.00000,0.00000,0.00000,0.00000,0.00000,0.00000,0.00000,0.00000,0.00000,0.00000,0.00000,0.00000,0.00000,0.00000,0.00000,0.00000,0.00000,0.00000,0.00000,0.00000,0.00000,0.00000,0.00000,0.00000,0.00000,0.00000,0.00000,0.00000,0.00000,0.00000,0.00000,0.00000,0.00000,0.00000,0.00000,0.00000,0.00000,0.00000,0.00000,0.00000,0.00000,0.00000,0.00000,0.00000,0.00000,0.00000,0.00000,0.00000,0.00000,0.00000,0.00000,0.00000,0.00000,0.00000,0.00000,0.00000
0.17551,0.32272,0.55487,0.28688,0.00000,0.00000,0.00000,0.00000,0.00000,0.00000,0.00000,0.00000,0.00000,0.00000,0.00000,0.00000,0.00000,0.00000,0.00000,0.00000,0.00000,0.00000,0.00000,0.00000,0.00000,0.00000,0.00000,0.00000,0.00000,0.00000,0.00000,0.00000,0.00000,0.00000,0.00000,0.00000,0.00000,0.00000,0.00000,0.00000,0.00000,0.00000,0.00000,0.00000,0.00000,0.00000,0.00000,0.00000,0.00000,0.00000,0.00000,0.00000,0.00000,0.00000,0.00000,0.00000,0.00000,0.00000,0.00000,0.00000,0.00000,0.00000,0.00000,0.00000,0.00000,0.00000,0.00000,0.00000,0.00000,0.00000,0.00000,0.00000,0.00000,0.00000,0.00000,0.00000,0.00000,0.00000,0.00000,0.00000,0.00000
0.20744,0.34488,0.02528,0.21123,0.06779,0.00000,0.00000,0.00000,0.00000,0.00000,0.00000,0.00000,0.00000,0.00000,0.00000,0.00000,0.00000,0.00000,0.00000,0.00000,0.00000,0.00000,0.00000,0.00000,0.00000,0.00000,0.00000,0.00000,0.00000,0.00000,0.00000,0.00000,0.00000,0.00000,0.00000,0.00000,0.00000,0.00000,0.00000,0.00000,0.00000,0.00000,0.00000,0.00000,0.00000,0.00000,0.00000,0.00000,0.00000,0.00000,0.00000,0.00000,0.00000,0.00000,0.00000,0.00000,0.00000,0.00000,0.00000,0.00000,0.00000,0.00000,0.00000,0.00000,0.00000,0.00000,0.00000,0.00000,0.00000,0.00000,0.00000,0.00000,0.00000,0.00000,0.00000,0.00000,0.00000,0.00000,0.00000,0.00000,0.00000
0.36179,0.27922,0.19977,0.10201,0.28811,0.23789,0.00000,0.00000,0.00000,0.00000,0.00000,0.00000,0.00000,0.00000,0.00000,0.00000,0.00000,0.00000,0.00000,0.00000,0.00000,0.00000,0.00000,0.00000,0.00000,0.00000,0.00000,0.00000,0.00000,0.00000,0.00000,0.00000,0.00000,0.00000,0.00000,0.00000,0.00000,0.00000,0.00000,0.00000,0.00000,0.00000,0.00000,0.00000,0.00000,0.00000,0.00000,0.00000,0.00000,0.00000,0.00000,0.00000,0.00000,0.00000,0.00000,0.00000,0.00000,0.00000,0.00000,0.00000,0.00000,0.00000,0.00000,0.00000,0.00000,0.00000,0.00000,0.00000,0.00000,0.00000,0.00000,0.00000,0.00000,0.00000,0.00000,0.00000,0.00000,0.00000,0.00000,0.00000,0.00000
0.26664,0.12842,0.07228,0.17923,0.18900,0.25673,0.20226,0.00000,0.00000,0.00000,0.00000,0.00000,0.00000,0.00000,0.00000,0.00000,0.00000,0.00000,0.00000,0.00000,0.00000,0.00000,0.00000,0.00000,0.00000,0.00000,0.00000,0.00000,0.00000,0.00000,0.00000,0.00000,0.00000,0.00000,0.00000,0.00000,0.00000,0.00000,0.00000,0.00000,0.00000,0.00000,0.00000,0.00000,0.00000,0.00000,0.00000,0.00000,0.00000,0.00000,0.00000,0.00000,0.00000,0.00000,0.00000,0.00000,0.00000,0.00000,0.00000,0.00000,0.00000,0.00000,0.00000,0.00000,0.00000,0.00000,0.00000,0.00000,0.00000,0.00000,0.00000,0.00000,0.00000,0.00000,0.00000,0.00000,0.00000,0.00000,0.00000,0.00000,0.00000
0.13726,0.28162,0.26543,0.20018,0.14356,0.10503,0.12086,0.25587,0.00000,0.00000,0.00000,0.00000,0.00000,0.00000,0.00000,0.00000,0.00000,0.00000,0.00000,0.00000,0.00000,0.00000,0.00000,0.00000,0.00000,0.00000,0.00000,0.00000,0.00000,0.00000,0.00000,0.00000,0.00000,0.00000,0.00000,0.00000,0.00000,0.00000,0.00000,0.00000,0.00000,0.00000,0.00000,0.00000,0.00000,0.00000,0.00000,0.00000,0.00000,0.00000,0.00000,0.00000,0.00000,0.00000,0.00000,0.00000,0.00000,0.00000,0.00000,0.00000,0.00000,0.00000,0.00000,0.00000,0.00000,0.00000,0.00000,0.00000,0.00000,0.00000,0.00000,0.00000,0.00000,0.00000,0.00000,0.00000,0.00000,0.00000,0.00000,0.00000,0.00000
0.12749,0.31996,0.49260,0.33098,0.40941,0.00989,0.36241,0.05889,0.20129,0.00000,0.00000,0.00000,0.00000,0.00000,0.00000,0.00000,0.00000,0.00000,0.00000,0.00000,0.00000,0.00000,0.00000,0.00000,0.00000,0.00000,0.00000,0.00000,0.00000,0.00000,0.00000,0.00000,0.00000,0.00000,0.00000,0.00000,0.00000,0.00000,0.00000,0.00000,0.00000,0.00000,0.00000,0.00000,0.00000,0.00000,0.00000,0.00000,0.00000,0.00000,0.00000,0.00000,0.00000,0.00000,0.00000,0.00000,0.00000,0.00000,0.00000,0.00000,0.00000,0.00000,0.00000,0.00000,0.00000,0.00000,0.00000,0.00000,0.00000,0.00000,0.00000,0.00000,0.00000,0.00000,0.00000,0.00000,0.00000,0.00000,0.00000,0.00000,0.00000
0.03565,0.17709,0.13378,0.41209,0.14480,0.20423,0.13874,0.18247,0.19282,0.26813,0.00000,0.00000,0.00000,0.00000,0.00000,0.00000,0.00000,0.00000,0.00000,0.00000,0.00000,0.00000,0.00000,0.00000,0.00000,0.00000,0.00000,0.00000,0.00000,0.00000,0.00000,0.00000,0.00000,0.00000,0.00000,0.00000,0.00000,0.00000,0.00000,0.00000,0.00000,0.00000,0.00000,0.00000,0.00000,0.00000,0.00000,0.00000,0.00000,0.00000,0.00000,0.00000,0.00000,0.00000,0.00000,0.00000,0.00000,0.00000,0.00000,0.00000,0.00000,0.00000,0.00000,0.00000,0.00000,0.00000,0.00000,0.00000,0.00000,0.00000,0.00000,0.00000,0.00000,0.00000,0.00000,0.00000,0.00000,0.00000,0.00000,0.00000,0.00000
0.21946,0.01561,0.22103,0.15418,0.11677,0.25720,0.06117,0.05488,0.28649,0.18702,0.38181,0.00000,0.00000,0.00000,0.00000,0.00000,0.00000,0.00000,0.00000,0.00000,0.00000,0.00000,0.00000,0.00000,0.00000,0.00000,0.00000,0.00000,0.00000,0.00000,0.00000,0.00000,0.00000,0.00000,0.00000,0.00000,0.00000,0.00000,0.00000,0.00000,0.00000,0.00000,0.00000,0.00000,0.00000,0.00000,0.00000,0.00000,0.00000,0.00000,0.00000,0.00000,0.00000,0.00000,0.00000,0.00000,0.00000,0.00000,0.00000,0.00000,0.00000,0.00000,0.00000,0.00000,0.00000,0.00000,0.00000,0.00000,0.00000,0.00000,0.00000,0.00000,0.00000,0.00000,0.00000,0.00000,0.00000,0.00000,0.00000,0.00000,0.00000
0.06302,0.02164,0.05411,0.22560,0.27315,0.18099,0.11826,0.16997,0.26748,0.15563,0.10643,0.20043,0.00000,0.00000,0.00000,0.00000,0.00000,0.00000,0.00000,0.00000,0.00000,0.00000,0.00000,0.00000,0.00000,0.00000,0.00000,0.00000,0.00000,0.00000,0.00000,0.00000,0.00000,0.00000,0.00000,0.00000,0.00000,0.00000,0.00000,0.00000,0.00000,0.00000,0.00000,0.00000,0.00000,0.00000,0.00000,0.00000,0.00000,0.00000,0.00000,0.00000,0.00000,0.00000,0.00000,0.00000,0.00000,0.00000,0.00000,0.00000,0.00000,0.00000,0.00000,0.00000,0.00000,0.00000,0.00000,0.00000,0.00000,0.00000,0.00000,0.00000,0.00000,0.00000,0.00000,0.00000,0.00000,0.00000,0.00000,0.00000,0.00000
0.21390,0.35944,0.27669,0.11644,0.00922,0.14095,0.15851,0.01238,0.44722,0.04596,0.18712,0.37674,0.40355,0.00000,0.00000,0.00000,0.00000,0.00000,0.00000,0.00000,0.00000,0.00000,0.00000,0.00000,0.00000,0.00000,0.00000,0.00000,0.00000,0.00000,0.00000,0.00000,0.00000,0.00000,0.00000,0.00000,0.00000,0.00000,0.00000,0.00000,0.00000,0.00000,0.00000,0.00000,0.00000,0.00000,0.00000,0.00000,0.00000,0.00000,0.00000,0.00000,0.00000,0.00000,0.00000,0.00000,0.00000,0.00000,0.00000,0.00000,0.00000,0.00000,0.00000,0.00000,0.00000,0.00000,0.00000,0.00000,0.00000,0.00000,0.00000,0.00000,0.00000,0.00000,0.00000,0.00000,0.00000,0.00000,0.00000,0.00000,0.00000
0.00988,0.23792,0.01665,0.01497,0.11735,0.02838,0.18415,0.20660,0.13133,0.02912,0.13029,0.34673,0.20967,0.17830,0.00000,0.00000,0.00000,0.00000,0.00000,0.00000,0.00000,0.00000,0.00000,0.00000,0.00000,0.00000,0.00000,0.00000,0.00000,0.00000,0.00000,0.00000,0.00000,0.00000,0.00000,0.00000,0.00000,0.00000,0.00000,0.00000,0.00000,0.00000,0.00000,0.00000,0.00000,0.00000,0.00000,0.00000,0.00000,0.00000,0.00000,0.00000,0.00000,0.00000,0.00000,0.00000,0.00000,0.00000,0.00000,0.00000,0.00000,0.00000,0.00000,0.00000,0.00000,0.00000,0.00000,0.00000,0.00000,0.00000,0.00000,0.00000,0.00000,0.00000,0.00000,0.00000,0.00000,0.00000,0.00000,0.00000,0.00000
0.28239,0.21360,0.01100,0.14829,0.08254,0.01486,0.09503,0.13021,0.03671,0.09457,0.24047,0.10767,0.02788,0.09943,0.09799,0.00000,0.00000,0.00000,0.00000,0.00000,0.00000,0.00000,0.00000,0.00000,0.00000,0.00000,0.00000,0.00000,0.00000,0.00000,0.00000,0.00000,0.00000,0.00000,0.00000,0.00000,0.00000,0.00000,0.00000,0.00000,0.00000,0.00000,0.00000,0.00000,0.00000,0.00000,0.00000,0.00000,0.00000,0.00000,0.00000,0.00000,0.00000,0.00000,0.00000,0.00000,0.00000,0.00000,0.00000,0.00000,0.00000,0.00000,0.00000,0.00000,0.00000,0.00000,0.00000,0.00000,0.00000,0.00000,0.00000,0.00000,0.00000,0.00000,0.00000,0.00000,0.00000,0.00000,0.00000,0.00000,0.00000
0.27424,0.36935,0.11923,0.04689,0.05980,0.22896,0.22324,0.03685,0.22818,0.05604,0.06045,0.19153,0.00217,0.15055,0.17320,0.26882,0.00000,0.00000,0.00000,0.00000,0.00000,0.00000,0.00000,0.00000,0.00000,0.00000,0.00000,0.00000,0.00000,0.00000,0.00000,0.00000,0.00000,0.00000,0.00000,0.00000,0.00000,0.00000,0.00000,0.00000,0.00000,0.00000,0.00000,0.00000,0.00000,0.00000,0.00000,0.00000,0.00000,0.00000,0.00000,0.00000,0.00000,0.00000,0.00000,0.00000,0.00000,0.00000,0.00000,0.00000,0.00000,0.00000,0.00000,0.00000,0.00000,0.00000,0.00000,0.00000,0.00000,0.00000,0.00000,0.00000,0.00000,0.00000,0.00000,0.00000,0.00000,0.00000,0.00000,0.00000,0.00000
0.33140,0.09043,0.14067,0.13735,0.00761,0.15756,0.33463,0.06597,0.07814,0.23643,0.07446,0.35627,0.20473,0.34130,0.15954,0.05253,0.01898,0.00000,0.00000,0.00000,0.00000,0.00000,0.00000,0.00000,0.00000,0.00000,0.00000,0.00000,0.00000,0.00000,0.00000,0.00000,0.00000,0.00000,0.00000,0.00000,0.00000,0.00000,0.00000,0.00000,0.00000,0.00000,0.00000,0.00000,0.00000,0.00000,0.00000,0.00000,0.00000,0.00000,0.00000,0.00000,0.00000,0.00000,0.00000,0.00000,0.00000,0.00000,0.00000,0.00000,0.00000,0.00000,0.00000,0.00000,0.00000,0.00000,0.00000,0.00000,0.00000,0.00000,0.00000,0.00000,0.00000,0.00000,0.00000,0.00000,0.00000,0.00000,0.00000,0.00000,0.00000
0.10392,0.12902,0.02762,0.25953,0.26600,0.07747,0.02123,0.23957,0.43170,0.02231,0.14993,0.13595,0.53489,0.14465,0.04793,0.07420,0.14273,0.14227,0.00000,0.00000,0.00000,0.00000,0.00000,0.00000,0.00000,0.00000,0.00000,0.00000,0.00000,0.00000,0.00000,0.00000,0.00000,0.00000,0.00000,0.00000,0.00000,0.00000,0.00000,0.00000,0.00000,0.00000,0.00000,0.00000,0.00000,0.00000,0.00000,0.00000,0.00000,0.00000,0.00000,0.00000,0.00000,0.00000,0.00000,0.00000,0.00000,0.00000,0.00000,0.00000,0.00000,0.00000,0.00000,0.00000,0.00000,0.00000,0.00000,0.00000,0.00000,0.00000,0.00000,0.00000,0.00000,0.00000,0.00000,0.00000,0.00000,0.00000,0.00000,0.00000,0.00000
0.35491,0.00621,0.02363,0.19961,0.16091,0.23828,0.30620,0.11644,0.03100,0.19606,0.08803,0.36420,0.33407,0.09113,0.17641,0.18056,0.31426,0.37628,0.19673,0.00000,0.00000,0.00000,0.00000,0.00000,0.00000,0.00000,0.00000,0.00000,0.00000,0.00000,0.00000,0.00000,0.00000,0.00000,0.00000,0.00000,0.00000,0.00000,0.00000,0.00000,0.00000,0.00000,0.00000,0.00000,0.00000,0.00000,0.00000,0.00000,0.00000,0.00000,0.00000,0.00000,0.00000,0.00000,0.00000,0.00000,0.00000,0.00000,0.00000,0.00000,0.00000,0.00000,0.00000,0.00000,0.00000,0.00000,0.00000,0.00000,0.00000,0.00000,0.00000,0.00000,0.00000,0.00000,0.00000,0.00000,0.00000,0.00000,0.00000,0.00000,0.00000
0.31348,0.04658,0.36741,0.48268,0.37793,0.00647,0.27824,0.31030,0.17817,0.23194,0.14041,0.07189,0.02107,0.23729,0.17067,0.04276,0.11885,0.19636,0.09678,0.08899,0.00000,0.00000,0.00000,0.00000,0.00000,0.00000,0.00000,0.00000,0.00000,0.00000,0.00000,0.00000,0.00000,0.00000,0.00000,0.00000,0.00000,0.00000,0.00000,0.00000,0.00000,0.00000,0.00000,0.00000,0.00000,0.00000,0.00000,0.00000,0.00000,0.00000,0.00000,0.00000,0.00000,0.00000,0.00000,0.00000,0.00000,0.00000,0.00000,0.00000,0.00000,0.00000,0.00000,0.00000,0.00000,0.00000,0.00000,0.00000,0.00000,0.00000,0.00000,0.00000,0.00000,0.00000,0.00000,0.00000,0.00000,0.00000,0.00000,0.00000,0.00000
0.21396,0.18502,0.23650,0.32227,0.39914,0.12072,0.08758,0.15665,0.34850,0.37556,0.02549,0.27502,0.23768,0.09905,0.03387,0.02397,0.31026,0.03311,0.33287,0.23842,0.32029,0.00000,0.00000,0.00000,0.00000,0.00000,0.00000,0.00000,0.00000,0.00000,0.00000,0.00000,0.00000,0.00000,0.00000,0.00000,0.00000,0.00000,0.00000,0.00000,0.00000,0.00000,0.00000,0.00000,0.00000,0.00000,0.00000,0.00000,0.00000,0.00000,0.00000,0.00000,0.00000,0.00000,0.00000,0.00000,0.00000,0.00000,0.00000,0.00000,0.00000,0.00000,0.00000,0.00000,0.00000,0.00000,0.00000,0.00000,0.00000,0.00000,0.00000,0.00000,0.00000,0.00000,0.00000,0.00000,0.00000,0.00000,0.00000,0.00000,0.00000
0.30547,0.23113,0.23381,0.40031,0.02730,0.40927,0.30919,0.24206,0.11033,0.33387,0.01229,0.13606,0.36187,0.08145,0.06588,0.31917,0.14439,0.01196,0.39132,0.11497,0.36269,0.12816,0.00000,0.00000,0.00000,0.00000,0.00000,0.00000,0.00000,0.00000,0.00000,0.00000,0.00000,0.00000,0.00000,0.00000,0.00000,0.00000,0.00000,0.00000,0.00000,0.00000,0.00000,0.00000,0.00000,0.00000,0.00000,0.00000,0.00000,0.00000,0.00000,0.00000,0.00000,0.00000,0.00000,0.00000,0.00000,0.00000,0.00000,0.00000,0.00000,0.00000,0.00000,0.00000,0.00000,0.00000,0.00000,0.00000,0.00000,0.00000,0.00000,0.00000,0.00000,0.00000,0.00000,0.00000,0.00000,0.00000,0.00000,0.00000,0.00000
0.29623,0.37540,0.17712,0.03499,0.04169,0.17476,0.22968,0.50346,0.12105,0.24749,0.03638,0.01232,0.23119,0.08086,0.20336,0.08304,0.23325,0.02419,0.10530,0.07241,0.16565,0.13540,0.21008,0.00000,0.00000,0.00000,0.00000,0.00000,0.00000,0.00000,0.00000,0.00000,0.00000,0.00000,0.00000,0.00000,0.00000,0.00000,0.00000,0.00000,0.00000,0.00000,0.00000,0.00000,0.00000,0.00000,0.00000,0.00000,0.00000,0.00000,0.00000,0.00000,0.00000,0.00000,0.00000,0.00000,0.00000,0.00000,0.00000,0.00000,0.00000,0.00000,0.00000,0.00000,0.00000,0.00000,0.00000,0.00000,0.00000,0.00000,0.00000,0.00000,0.00000,0.00000,0.00000,0.00000,0.00000,0.00000,0.00000,0.00000,0.00000
0.07264,0.31471,0.26301,0.07155,0.33602,0.28916,0.13400,0.18988,0.50601,0.18927,0.09245,0.31490,0.08307,0.36726,0.05991,0.35429,0.11619,0.12801,0.22828,0.12333,0.06299,0.22777,0.01920,0.02950,0.00000,0.00000,0.00000,0.00000,0.00000,0.00000,0.00000,0.00000,0.00000,0.00000,0.00000,0.00000,0.00000,0.00000,0.00000,0.00000,0.00000,0.00000,0.00000,0.00000,0.00000,0.00000,0.00000,0.00000,0.00000,0.00000,0.00000,0.00000,0.00000,0.00000,0.00000,0.00000,0.00000,0.00000,0.00000,0.00000,0.00000,0.00000,0.00000,0.00000,0.00000,0.00000,0.00000,0.00000,0.00000,0.00000,0.00000,0.00000,0.00000,0.00000,0.00000,0.00000,0.00000,0.00000,0.00000,0.00000,0.00000
0.18491,0.30636,0.03815,0.17233,0.14345,0.02000,0.03824,0.14699,0.09735,0.01298,0.00545,0.37287,0.16330,0.32565,0.35210,0.13934,0.17877,0.21711,0.10761,0.23321,0.22004,0.09723,0.07012,0.27410,0.05258,0.00000,0.00000,0.00000,0.00000,0.00000,0.00000,0.00000,0.00000,0.00000,0.00000,0.00000,0.00000,0.00000,0.00000,0.00000,0.00000,0.00000,0.00000,0.00000,0.00000,0.00000,0.00000,0.00000,0.00000,0.00000,0.00000,0.00000,0.00000,0.00000,0.00000,0.00000,0.00000,0.00000,0.00000,0.00000,0.00000,0.00000,0.00000,0.00000,0.00000,0.00000,0.00000,0.00000,0.00000,0.00000,0.00000,0.00000,0.00000,0.00000,0.00000,0.00000,0.00000,0.00000,0.00000,0.00000,0.00000
0.34819,0.33529,0.36747,0.34742,0.16619,0.18922,0.04175,0.33550,0.05065,0.45323,0.45157,0.06999,0.23533,0.07192,0.21977,0.32734,0.08333,0.11596,0.02794,0.11473,0.07797,0.16805,0.04278,0.34475,0.00195,0.16132,0.00000,0.00000,0.00000,0.00000,0.00000,0.00000,0.00000,0.00000,0.00000,0.00000,0.00000,0.00000,0.00000,0.00000,0.00000,0.00000,0.00000,0.00000,0.00000,0.00000,0.00000,0.00000,0.00000,0.00000,0.00000,0.00000,0.00000,0.00000,0.00000,0.00000,0.00000,0.00000,0.00000,0.00000,0.00000,0.00000,0.00000,0.00000,0.00000,0.00000,0.00000,0.00000,0.00000,0.00000,0.00000,0.00000,0.00000,0.00000,0.00000,0.00000,0.00000,0.00000,0.00000,0.00000,0.00000
0.14019,0.36915,0.17400,0.03605,0.23685,0.04518,0.40558,0.01184,0.07179,0.38001,0.11982,0.28451,0.03052,0.32070,0.15620,0.13231,0.19664,0.22049,0.22658,0.12879,0.08854,0.09527,0.03148,0.00152,0.06103,0.30175,0.25253,0.00000,0.00000,0.00000,0.00000,0.00000,0.00000,0.00000,0.00000,0.00000,0.00000,0.00000,0.00000,0.00000,0.00000,0.00000,0.00000,0.00000,0.00000,0.00000,0.00000,0.00000,0.00000,0.00000,0.00000,0.00000,0.00000,0.00000,0.00000,0.00000,0.00000,0.00000,0.00000,0.00000,0.00000,0.00000,0.00000,0.00000,0.00000,0.00000,0.00000,0.00000,0.00000,0.00000,0.00000,0.00000,0.00000,0.00000,0.00000,0.00000,0.00000,0.00000,0.00000,0.00000,0.00000
0.41746,0.08983,0.04941,0.21620,0.15958,0.02976,0.36541,0.17251,0.12425,0.18583,0.05524,0.16389,0.05182,0.11112,0.02585,0.20380,0.24394,0.25294,0.21199,0.25901,0.04623,0.06182,0.08820,0.06907,0.07410,0.15469,0.27914,0.24177,0.00000,0.00000,0.00000,0.00000,0.00000,0.00000,0.00000,0.00000,0.00000,0.00000,0.00000,0.00000,0.00000,0.00000,0.00000,0.00000,0.00000,0.00000,0.00000,0.00000,0.00000,0.00000,0.00000,0.00000,0.00000,0.00000,0.00000,0.00000,0.00000,0.00000,0.00000,0.00000,0.00000,0.00000,0.00000,0.00000,0.00000,0.00000,0.00000,0.00000,0.00000,0.00000,0.00000,0.00000,0.00000,0.00000,0.00000,0.00000,0.00000,0.00000,0.00000,0.00000,0.00000
0.09328,0.29681,0.11033,0.21450,0.00551,0.18642,0.18499,0.31865,0.12685,0.08311,0.18077,0.28357,0.22187,0.11385,0.14753,0.12468,0.18458,0.28876,0.13178,0.09746,0.12606,0.14745,0.25598,0.24982,0.04241,0.17725,0.13196,0.00718,0.02818,0.00000,0.00000,0.00000,0.00000,0.00000,0.00000,0.00000,0.00000,0.00000,0.00000,0.00000,0.00000,0.00000,0.00000,0.00000,0.00000,0.00000,0.00000,0.00000,0.00000,0.00000,0.00000,0.00000,0.00000,0.00000,0.00000,0.00000,0.00000,0.00000,0.00000,0.00000,0.00000,0.00000,0.00000,0.00000,0.00000,0.00000,0.00000,0.00000,0.00000,0.00000,0.00000,0.00000,0.00000,0.00000,0.00000,0.00000,0.00000,0.00000,0.00000,0.00000,0.00000
0.24670,0.31777,0.05075,0.01476,0.08298,0.06502,0.41003,0.04175,0.17471,0.28447,0.13886,0.14730,0.18373,0.03529,0.11227,0.37173,0.47811,0.16841,0.09830,0.27827,0.32812,0.13270,0.24278,0.06478,0.08367,0.16189,0.16834,0.31651,0.34061,0.20497,0.00000,0.00000,0.00000,0.00000,0.00000,0.00000,0.00000,0.00000,0.00000,0.00000,0.00000,0.00000,0.00000,0.00000,0.00000,0.00000,0.00000,0.00000,0.00000,0.00000,0.00000,0.00000,0.00000,0.00000,0.00000,0.00000,0.00000,0.00000,0.00000,0.00000,0.00000,0.00000,0.00000,0.00000,0.00000,0.00000,0.00000,0.00000,0.00000,0.00000,0.00000,0.00000,0.00000,0.00000,0.00000,0.00000,0.00000,0.00000,0.00000,0.00000,0.00000
0.35281,0.18021,0.15209,0.08388,0.15218,0.05691,0.42991,0.44669,0.11024,0.07193,0.22091,0.08140,0.00337,0.07310,0.13840,0.01899,0.00364,0.18833,0.14487,0.09171,0.20819,0.00077,0.15412,0.37393,0.11166,0.15015,0.02410,0.18163,0.10988,0.26911,0.07223,0.00000,0.00000,0.00000,0.00000,0.00000,0.00000,0.00000,0.00000,0.00000,0.00000,0.00000,0.00000,0.00000,0.00000,0.00000,0.00000,0.00000,0.00000,0.00000,0.00000,0.00000,0.00000,0.00000,0.00000,0.00000,0.00000,0.00000,0.00000,0.00000,0.00000,0.00000,0.00000,0.00000,0.00000,0.00000,0.00000,0.00000,0.00000,0.00000,0.00000,0.00000,0.00000,0.00000,0.00000,0.00000,0.00000,0.00000,0.00000,0.00000,0.00000
0.07969,0.28058,0.44551,0.28495,0.53577,0.23806,0.39753,0.22615,0.16389,0.53361,0.13488,0.05881,0.09572,0.10451,0.15277,0.05396,0.21061,0.13376,0.07502,0.04941,0.20925,0.35934,0.30314,0.10297,0.15140,0.08103,0.30010,0.33613,0.14463,0.18098,0.08470,0.17338,0.00000,0.00000,0.00000,0.00000,0.00000,0.00000,0.00000,0.00000,0.00000,0.00000,0.00000,0.00000,0.00000,0.00000,0.00000,0.00000,0.00000,0.00000,0.00000,0.00000,0.00000,0.00000,0.00000,0.00000,0.00000,0.00000,0.00000,0.00000,0.00000,0.00000,0.00000,0.00000,0.00000,0.00000,0.00000,0.00000,0.00000,0.00000,0.00000,0.00000,0.00000,0.00000,0.00000,0.00000,0.00000,0.00000,0.00000,0.00000,0.00000
0.15051,0.34646,0.06829,0.28377,0.27485,0.29077,0.17110,0.17548,0.06376,0.03412,0.54130,0.15285,0.11470,0.05625,0.10795,0.02912,0.20338,0.25800,0.09215,0.08108,0.06363,0.26724,0.15053,0.13364,0.11404,0.21384,0.38328,0.16350,0.02879,0.09353,0.09242,0.11245,0.08397,0.00000,0.00000,0.00000,0.00000,0.00000,0.00000,0.00000,0.00000,0.00000,0.00000,0.00000,0.00000,0.00000,0.00000,0.00000,0.00000,0.00000,0.00000,0.00000,0.00000,0.00000,0.00000,0.00000,0.00000,0.00000,0.00000,0.00000,0.00000,0.00000,0.00000,0.00000,0.00000,0.00000,0.00000,0.00000,0.00000,0.00000,0.00000,0.00000,0.00000,0.00000,0.00000,0.00000,0.00000,0.00000,0.00000,0.00000,0.00000
0.10631,0.21178,0.14022,0.03415,0.02557,0.25205,0.23848,0.18059,0.13722,0.21945,0.26152,0.21346,0.00246,0.08159,0.17083,0.41160,0.10872,0.03459,0.05316,0.01521,0.07304,0.19093,0.19194,0.07645,0.27506,0.05525,0.08044,0.23407,0.16330,0.08095,0.00414,0.10134,0.11914,0.25698,0.00000,0.00000,0.00000,0.00000,0.00000,0.00000,0.00000,0.00000,0.00000,0.00000,0.00000,0.00000,0.00000,0.00000,0.00000,0.00000,0.00000,0.00000,0.00000,0.00000,0.00000,0.00000,0.00000,0.00000,0.00000,0.00000,0.00000,0.00000,0.00000,0.00000,0.00000,0.00000,0.00000,0.00000,0.00000,0.00000,0.00000,0.00000,0.00000,0.00000,0.00000,0.00000,0.00000,0.00000,0.00000,0.00000,0.00000
0.13355,0.26955,0.03490,0.10578,0.25562,0.26492,0.23039,0.27304,0.01237,0.16888,0.14235,0.14738,0.06491,0.18408,0.23810,0.07249,0.39102,0.05723,0.03300,0.09972,0.22199,0.29680,0.17094,0.20081,0.28278,0.04824,0.09721,0.47484,0.13518,0.00945,0.32598,0.31608,0.20573,0.13980,0.21565,0.00000,0.00000,0.00000,0.00000,0.00000,0.00000,0.00000,0.00000,0.00000,0.00000,0.00000,0.00000,0.00000,0.00000,0.00000,0.00000,0.00000,0.00000,0.00000,0.00000,0.00000,0.00000,0.00000,0.00000,0.00000,0.00000,0.00000,0.00000,0.00000,0.00000,0.00000,0.00000,0.00000,0.00000,0.00000,0.00000,0.00000,0.00000,0.00000,0.00000,0.00000,0.00000,0.00000,0.00000,0.00000,0.00000
0.09800,0.09756,0.19512,0.29554,0.23356,0.05191,0.01965,0.17966,0.27883,0.40112,0.37008,0.09728,0.22289,0.22440,0.20789,0.04196,0.20690,0.13257,0.00262,0.10480,0.09525,0.20680,0.10189,0.19993,0.36457,0.08429,0.04896,0.20653,0.22445,0.10744,0.01028,0.12806,0.19185,0.12094,0.02653,0.18812,0.00000,0.00000,0.00000,0.00000,0.00000,0.00000,0.00000,0.00000,0.00000,0.00000,0.00000,0.00000,0.00000,0.00000,0.00000,0.00000,0.00000,0.00000,0.00000,0.00000,0.00000,0.00000,0.00000,0.00000,0.00000,0.00000,0.00000,0.00000,0.00000,0.00000,0.00000,0.00000,0.00000,0.00000,0.00000,0.00000,0.00000,0.00000,0.00000,0.00000,0.00000,0.00000,0.00000,0.00000,0.00000
0.34138,0.21488,0.17611,0.25464,0.22677,0.01801,0.09043,0.18112,0.02821,0.03337,0.04732,0.09955,0.14087,0.23275,0.02372,0.23519,0.21998,0.24790,0.22949,0.06223,0.25027,0.15148,0.06662,0.06437,0.17537,0.03245,0.04195,0.16534,0.11911,0.09966,0.24232,0.01869,0.05515,0.16845,0.11460,0.02911,0.06890,0.00000,0.00000,0.00000,0.00000,0.00000,0.00000,0.00000,0.00000,0.00000,0.00000,0.00000,0.00000,0.00000,0.00000,0.00000,0.00000,0.00000,0.00000,0.00000,0.00000,0.00000,0.00000,0.00000,0.00000,0.00000,0.00000,0.00000,0.00000,0.00000,0.00000,0.00000,0.00000,0.00000,0.00000,0.00000,0.00000,0.00000,0.00000,0.00000,0.00000,0.00000,0.00000,0.00000,0.00000
0.16576,0.17511,0.40866,0.38014,0.41719,0.07002,0.15582,0.17844,0.30462,0.33829,0.51701,0.36103,0.17516,0.11648,0.11234,0.00833,0.02334,0.14906,0.40670,0.17508,0.41870,0.11717,0.03702,0.17436,0.11346,0.14238,0.25893,0.11781,0.01052,0.26558,0.02181,0.11657,0.27884,0.29472,0.17083,0.02531,0.24419,0.01302,0.00000,0.00000,0.00000,0.00000,0.00000,0.00000,0.00000,0.00000,0.00000,0.00000,0.00000,0.00000,0.00000,0.00000,0.00000,0.00000,0.00000,0.00000,0.00000,0.00000,0.00000,0.00000,0.00000,0.00000,0.00000,0.00000,0.00000,0.00000,0.00000,0.00000,0.00000,0.00000,0.00000,0.00000,0.00000,0.00000,0.00000,0.00000,0.00000,0.00000,0.00000,0.00000,0.00000
0.42414,0.11235,0.00789,0.03698,0.14026,0.31356,0.35623,0.06788,0.05463,0.39399,0.05313,0.14988,0.05937,0.12706,0.04349,0.05208,0.06063,0.31794,0.02916,0.33266,0.16181,0.00152,0.29916,0.05040,0.25605,0.07010,0.09484,0.10301,0.36500,0.08859,0.13391,0.01416,0.34983,0.21778,0.21178,0.16461,0.22106,0.23328,0.07921,0.00000,0.00000,0.00000,0.00000,0.00000,0.00000,0.00000,0.00000,0.00000,0.00000,0.00000,0.00000,0.00000,0.00000,0.00000,0.00000,0.00000,0.00000,0.00000,0.00000,0.00000,0.00000,0.00000,0.00000,0.00000,0.00000,0.00000,0.00000,0.00000,0.00000,0.00000,0.00000,0.00000,0.00000,0.00000,0.00000,0.00000,0.00000,0.00000,0.00000,0.00000,0.00000
0.25516,0.33339,0.24459,0.36393,0.00783,0.13386,0.14044,0.16030,0.10860,0.19141,0.18162,0.07190,0.12572,0.06254,0.01054,0.25340,0.33172,0.02406,0.23292,0.20164,0.23498,0.16311,0.14696,0.08493,0.09237,0.20318,0.30467,0.19822,0.06742,0.35395,0.31187,0.10281,0.18120,0.05945,0.01672,0.31744,0.14332,0.17215,0.00212,0.03014,0.00000,0.00000,0.00000,0.00000,0.00000,0.00000,0.00000,0.00000,0.00000,0.00000,0.00000,0.00000,0.00000,0.00000,0.00000,0.00000,0.00000,0.00000,0.00000,0.00000,0.00000,0.00000,0.00000,0.00000,0.00000,0.00000,0.00000,0.00000,0.00000,0.00000,0.00000,0.00000,0.00000,0.00000,0.00000,0.00000,0.00000,0.00000,0.00000,0.00000,0.00000
0.11437,0.35036,0.02154,0.10768,0.09934,0.05998,0.05288,0.33965,0.00669,0.19206,0.09676,0.03818,0.08373,0.15705,0.32173,0.25340,0.22184,0.07089,0.06093,0.17420,0.14377,0.06090,0.16392,0.09683,0.20723,0.32170,0.14404,0.11483,0.03750,0.05707,0.07895,0.30643,0.05419,0.11515,0.23709,0.20181,0.07177,0.06464,0.02695,0.13552,0.03084,0.00000,0.00000,0.00000,0.00000,0.00000,0.00000,0.00000,0.00000,0.00000,0.00000,0.00000,0.00000,0.00000,0.00000,0.00000,0.00000,0.00000,0.00000,0.00000,0.00000,0.00000,0.00000,0.00000,0.00000,0.00000,0.00000,0.00000,0.00000,0.00000,0.00000,0.00000,0.00000,0.00000,0.00000,0.00000,0.00000,0.00000,0.00000,0.00000,0.00000
0.00874,0.14433,0.10128,0.29516,0.15180,0.01374,0.20447,0.14519,0.25839,0.05452,0.34053,0.34200,0.12135,0.23905,0.12555,0.04982,0.29879,0.15655,0.29003,0.10092,0.23263,0.05563,0.06703,0.12434,0.01483,0.07979,0.16199,0.09563,0.00086,0.21814,0.26825,0.20503,0.06779,0.39283,0.07879,0.15753,0.01547,0.07263,0.33634,0.00189,0.26201,0.11653,0.00000,0.00000,0.00000,0.00000,0.00000,0.00000,0.00000,0.00000,0.00000,0.00000,0.00000,0.00000,0.00000,0.00000,0.00000,0.00000,0.00000,0.00000,0.00000,0.00000,0.00000,0.00000,0.00000,0.00000,0.00000,0.00000,0.00000,0.00000,0.00000,0.00000,0.00000,0.00000,0.00000,0.00000,0.00000,0.00000,0.00000,0.00000,0.00000
0.33575,0.31807,0.03077,0.16170,0.08049,0.29324,0.33257,0.10701,0.23281,0.09561,0.24804,0.22563,0.08175,0.04618,0.04085,0.02516,0.00505,0.12843,0.07498,0.15811,0.32146,0.30910,0.01446,0.26414,0.11714,0.06938,0.03873,0.14895,0.11445,0.08499,0.24144,0.44909,0.15926,0.20078,0.12267,0.19737,0.00234,0.02383,0.11761,0.10894,0.24300,0.02926,0.12358,0.00000,0.00000,0.00000,0.00000,0.00000,0.00000,0.00000,0.00000,0.00000,0.00000,0.00000,0.00000,0.00000,0.00000,0.00000,0.00000,0.00000,0.00000,0.00000,0.00000,0.00000,0.00000,0.00000,0.00000,0.00000,0.00000,0.00000,0.00000,0.00000,0.00000,0.00000,0.00000,0.00000,0.00000,0.00000,0.00000,0.00000,0.00000
0.08966,0.37871,0.02682,0.13387,0.18279,0.11661,0.11555,0.01355,0.10344,0.06446,0.17215,0.21965,0.03325,0.19729,0.35724,0.23407,0.14166,0.08120,0.10077,0.05260,0.18033,0.12520,0.21812,0.17188,0.01096,0.68002,0.07617,0.37568,0.21358,0.19331,0.09084,0.34316,0.25911,0.33535,0.07012,0.23313,0.11322,0.05555,0.10696,0.04440,0.17340,0.27591,0.05567,0.05500,0.00000,0.00000,0.00000,0.00000,0.00000,0.00000,0.00000,0.00000,0.00000,0.00000,0.00000,0.00000,0.00000,0.00000,0.00000,0.00000,0.00000,0.00000,0.00000,0.00000,0.00000,0.00000,0.00000,0.00000,0.00000,0.00000,0.00000,0.00000,0.00000,0.00000,0.00000,0.00000,0.00000,0.00000,0.00000,0.00000,0.00000
0.12227,0.07095,0.22337,0.08875,0.12306,0.08402,0.16313,0.04635,0.10101,0.09651,0.15706,0.24113,0.29044,0.15557,0.01378,0.08820,0.32852,0.11219,0.14392,0.07734,0.15065,0.12528,0.22896,0.06012,0.17989,0.13400,0.14683,0.15833,0.01044,0.22041,0.04111,0.06266,0.06005,0.16653,0.21287,0.02270,0.14021,0.02920,0.08181,0.02242,0.16266,0.01968,0.30986,0.03641,0.00928,0.00000,0.00000,0.00000,0.00000,0.00000,0.00000,0.00000,0.00000,0.00000,0.00000,0.00000,0.00000,0.00000,0.00000,0.00000,0.00000,0.00000,0.00000,0.00000,0.00000,0.00000,0.00000,0.00000,0.00000,0.00000,0.00000,0.00000,0.00000,0.00000,0.00000,0.00000,0.00000,0.00000,0.00000,0.00000,0.00000
0.07054,0.31968,0.28804,0.03172,0.09000,0.25392,0.04318,0.21033,0.02940,0.07866,0.20280,0.00277,0.14290,0.09911,0.23292,0.10207,0.00604,0.02879,0.05318,0.02056,0.05694,0.16368,0.24333,0.15929,0.04516,0.12759,0.06723,0.10224,0.20838,0.23580,0.04692,0.15912,0.04986,0.21363,0.13609,0.15917,0.25888,0.11858,0.02514,0.12036,0.11424,0.13041,0.20613,0.17471,0.15704,0.05880,0.00000,0.00000,0.00000,0.00000,0.00000,0.00000,0.00000,0.00000,0.00000,0.00000,0.00000,0.00000,0.00000,0.00000,0.00000,0.00000,0.00000,0.00000,0.00000,0.00000,0.00000,0.00000,0.00000,0.00000,0.00000,0.00000,0.00000,0.00000,0.00000,0.00000,0.00000,0.00000,0.00000,0.00000,0.00000
0.11381,0.11982,0.18635,0.14097,0.23895,0.09538,0.33420,0.29825,0.08184,0.41652,0.00443,0.01384,0.11449,0.05108,0.27127,0.09873,0.35705,0.03871,0.02009,0.15469,0.27858,0.24630,0.26029,0.00752,0.12710,0.10947,0.18703,0.23643,0.09108,0.09823,0.21812,0.06408,0.60971,0.02707,0.05218,0.29066,0.06749,0.09564,0.15977,0.13381,0.18723,0.08354,0.10914,0.17738,0.00019,0.10456,0.07716,0.00000,0.00000,0.00000,0.00000,0.00000,0.00000,0.00000,0.00000,0.00000,0.00000,0.00000,0.00000,0.00000,0.00000,0.00000,0.00000,0.00000,0.00000,0.00000,0.00000,0.00000,0.00000,0.00000,0.00000,0.00000,0.00000,0.00000,0.00000,0.00000,0.00000,0.00000,0.00000,0.00000,0.00000
0.11096,0.18138,0.37949,0.24312,0.32899,0.20710,0.22677,0.31391,0.17448,0.29948,0.37270,0.28481,0.27657,0.01202,0.23734,0.46828,0.07773,0.07886,0.13582,0.39016,0.04362,0.05910,0.00026,0.05148,0.18741,0.12207,0.59267,0.11790,0.01293,0.16545,0.29282,0.02694,0.25716,0.25027,0.27282,0.05387,0.02679,0.05491,0.33353,0.11252,0.22653,0.22912,0.14846,0.16625,0.07548,0.26083,0.15520,0.04147,0.00000,0.00000,0.00000,0.00000,0.00000,0.00000,0.00000,0.00000,0.00000,0.00000,0.00000,0.00000,0.00000,0.00000,0.00000,0.00000,0.00000,0.00000,0.00000,0.00000,0.00000,0.00000,0.00000,0.00000,0.00000,0.00000,0.00000,0.00000,0.00000,0.00000,0.00000,0.00000,0.00000
0.16435,0.00299,0.14848,0.28401,0.11510,0.14814,0.00452,0.17443,0.27495,0.32976,0.28206,0.12684,0.01036,0.08349,0.09568,0.55455,0.11419,0.21149,0.12493,0.12513,0.27434,0.41670,0.22034,0.03601,0.03373,0.15861,0.15520,0.01496,0.07743,0.17761,0.15271,0.04047,0.16294,0.00397,0.10618,0.10416,0.34860,0.13172,0.16656,0.03390,0.20531,0.03378,0.01934,0.10287,0.23590,0.16702,0.06605,0.19578,0.18677,0.00000,0.00000,0.00000,0.00000,0.00000,0.00000,0.00000,0.00000,0.00000,0.00000,0.00000,0.00000,0.00000,0.00000,0.00000,0.00000,0.00000,0.00000,0.00000,0.00000,0.00000,0.00000,0.00000,0.00000,0.00000,0.00000,0.00000,0.00000,0.00000,0.00000,0.00000,0.00000
0.44033,0.12654,0.09157,0.03670,0.20467,0.09172,0.07075,0.19643,0.26396,0.11247,0.11925,0.04624,0.36163,0.41905,0.00789,0.09808,0.00166,0.02768,0.08073,0.01005,0.29156,0.08013,0.12782,0.35455,0.04971,0.26941,0.11432,0.07230,0.06506,0.02768,0.12844,0.33130,0.01903,0.05064,0.08328,0.17620,0.10348,0.24486,0.03514,0.20033,0.04634,0.08719,0.06273,0.26118,0.03660,0.07707,0.01043,0.10041,0.12661,0.01390,0.00000,0.00000,0.00000,0.00000,0.00000,0.00000,0.00000,0.00000,0.00000,0.00000,0.00000,0.00000,0.00000,0.00000,0.00000,0.00000,0.00000,0.00000,0.00000,0.00000,0.00000,0.00000,0.00000,0.00000,0.00000,0.00000,0.00000,0.00000,0.00000,0.00000,0.00000
0.09862,0.04186,0.18496,0.40038,0.26269,0.25845,0.12506,0.45522,0.04167,0.05048,0.08881,0.25195,0.32905,0.05277,0.32764,0.06747,0.08652,0.29539,0.00868,0.42645,0.37253,0.29393,0.30000,0.07180,0.06906,0.09394,0.22750,0.12102,0.01890,0.23813,0.17565,0.14229,0.22594,0.12889,0.13058,0.02029,0.18121,0.03785,0.11566,0.08417,0.00436,0.37538,0.10361,0.00227,0.19618,0.02717,0.04784,0.19809,0.18678,0.01740,0.15587,0.00000,0.00000,0.00000,0.00000,0.00000,0.00000,0.00000,0.00000,0.00000,0.00000,0.00000,0.00000,0.00000,0.00000,0.00000,0.00000,0.00000,0.00000,0.00000,0.00000,0.00000,0.00000,0.00000,0.00000,0.00000,0.00000,0.00000,0.00000,0.00000,0.00000
0.13705,0.06305,0.08154,0.24406,0.20074,0.34288,0.02448,0.45424,0.40222,0.03636,0.31444,0.17768,0.33099,0.08278,0.02456,0.48065,0.05330,0.11758,0.24213,0.29739,0.16217,0.41016,0.00594,0.00784,0.24328,0.01272,0.19639,0.11903,0.07218,0.07630,0.07183,0.05929,0.19119,0.08954,0.06493,0.01962,0.02500,0.25627,0.09837,0.07683,0.19410,0.22398,0.01840,0.17619,0.08224,0.02856,0.04501,0.20771,0.41736,0.10760,0.12896,0.26885,0.00000,0.00000,0.00000,0.00000,0.00000,0.00000,0.00000,0.00000,0.00000,0.00000,0.00000,0.00000,0.00000,0.00000,0.00000,0.00000,0.00000,0.00000,0.00000,0.00000,0.00000,0.00000,0.00000,0.00000,0.00000,0.00000,0.00000,0.00000,0.00000
0.11116,0.30139,0.05337,0.15899,0.29938,0.13494,0.02289,0.11669,0.32607,0.19224,0.09911,0.44447,0.13515,0.33404,0.16670,0.29321,0.01252,0.05768,0.14282,0.06591,0.07356,0.28619,0.11126,0.01762,0.37433,0.31781,0.04426,0.29588,0.02827,0.02010,0.11563,0.26594,0.27416,0.00087,0.10477,0.43203,0.11225,0.08598,0.22095,0.13719,0.01152,0.16873,0.15675,0.07214,0.48118,0.02736,0.10097,0.00400,0.16920,0.21171,0.15813,0.08372,0.16918,0.00000,0.00000,0.00000,0.00000,0.00000,0.00000,0.00000,0.00000,0.00000,0.00000,0.00000,0.00000,0.00000,0.00000,0.00000,0.00000,0.00000,0.00000,0.00000,0.00000,0.00000,0.00000,0.00000,0.00000,0.00000,0.00000,0.00000,0.00000
0.00518,0.13575,0.25646,0.13830,0.12097,0.10589,0.26400,0.00066,0.05269,0.27795,0.00936,0.14697,0.05004,0.12998,0.05012,0.10340,0.00867,0.15650,0.25547,0.03214,0.19857,0.31928,0.15912,0.21641,0.04189,0.02864,0.12262,0.08847,0.11337,0.07804,0.08315,0.32182,0.07682,0.04320,0.24738,0.05246,0.01938,0.09239,0.00742,0.06488,0.03440,0.19070,0.29393,0.19270,0.10009,0.05153,0.08482,0.11308,0.12575,0.16613,0.16663,0.16347,0.07028,0.03647,0.00000,0.00000,0.00000,0.00000,0.00000,0.00000,0.00000,0.00000,0.00000,0.00000,0.00000,0.00000,0.00000,0.00000,0.00000,0.00000,0.00000,0.00000,0.00000,0.00000,0.00000,0.00000,0.00000,0.00000,0.00000,0.00000,0.00000
0.27618,0.05408,0.25670,0.32958,0.28733,0.18952,0.03284,0.09744,0.22676,0.15304,0.15675,0.22808,0.06827,0.17750,0.07571,0.13157,0.16381,0.31334,0.06150,0.16835,0.00007,0.32277,0.01813,0.07053,0.09738,0.22756,0.09594,0.11795,0.05496,0.25477,0.13058,0.13620,0.16229,0.07518,0.07752,0.16091,0.29081,0.47169,0.26757,0.18241,0.06801,0.34687,0.02839,0.14190,0.02629,0.15606,0.16285,0.12916,0.16544,0.25760,0.09094,0.05971,0.17026,0.01659,0.10876,0.00000,0.00000,0.00000,0.00000,0.00000,0.00000,0.00000,0.00000,0.00000,0.00000,0.00000,0.00000,0.00000,0.00000,0.00000,0.00000,0.00000,0.00000,0.00000,0.00000,0.00000,0.00000,0.00000,0.00000,0.00000,0.00000
0.11374,0.32347,0.26069,0.28656,0.24335,0.24053,0.12367,0.05663,0.00970,0.17454,0.36943,0.09114,0.21777,0.09752,0.26978,0.07820,0.12524,0.14616,0.13597,0.26483,0.18288,0.10097,0.28872,0.20612,0.07025,0.31613,0.18272,0.24810,0.11386,0.07570,0.09607,0.18592,0.43197,0.32747,0.09597,0.04073,0.01756,0.29290,0.11498,0.20039,0.22561,0.06814,0.09384,0.17225,0.46107,0.19936,0.10644,0.11599,0.14725,0.06168,0.10112,0.28451,0.00500,0.20351,0.10668,0.07050,0.00000,0.00000,0.00000,0.00000,0.00000,0.00000,0.00000,0.00000,0.00000,0.00000,0.00000,0.00000,0.00000,0.00000,0.00000,0.00000,0.00000,0.00000,0.00000,0.00000,0.00000,0.00000,0.00000,0.00000,0.00000
0.00342,0.38107,0.28813,0.17000,0.05967,0.25149,0.00654,0.17822,0.39605,0.05740,0.04231,0.11356,0.23181,0.36972,0.26475,0.06826,0.25082,0.03938,0.13771,0.00561,0.14425,0.03135,0.01362,0.08399,0.12152,0.11391,0.08962,0.11077,0.01473,0.14537,0.11366,0.00177,0.01426,0.00529,0.04028,0.10000,0.23940,0.19764,0.02276,0.17338,0.09493,0.15294,0.02833,0.37778,0.04352,0.26071,0.17780,0.06790,0.13106,0.36182,0.16768,0.06464,0.12380,0.00758,0.05849,0.04145,0.03564,0.00000,0.00000,0.00000,0.00000,0.00000,0.00000,0.00000,0.00000,0.00000,0.00000,0.00000,0.00000,0.00000,0.00000,0.00000,0.00000,0.00000,0.00000,0.00000,0.00000,0.00000,0.00000,0.00000,0.00000
0.21607,0.36957,0.32520,0.47105,0.14788,0.13928,0.03161,0.10513,0.00591,0.19082,0.27699,0.09533,0.16577,0.03739,0.36555,0.17955,0.11365,0.12935,0.05104,0.36952,0.24468,0.12903,0.29010,0.21364,0.13454,0.40603,0.17793,0.07683,0.01225,0.15076,0.35437,0.01858,0.33970,0.24101,0.08726,0.00031,0.06072,0.38308,0.21071,0.10122,0.16713,0.16644,0.19758,0.03295,0.36831,0.15178,0.00823,0.06673,0.08191,0.05459,0.05985,0.30761,0.07993,0.21859,0.03108,0.11899,0.56837,0.09625,0.00000,0.00000,0.00000,0.00000,0.00000,0.00000,0.00000,0.00000,0.00000,0.00000,0.00000,0.00000,0.00000,0.00000,0.00000,0.00000,0.00000,0.00000,0.00000,0.00000,0.00000,0.00000,0.00000
0.05784,0.13197,0.20603,0.15120,0.17605,0.26155,0.24030,0.03823,0.03270,0.31878,0.19604,0.17280,0.18354,0.00377,0.07743,0.12516,0.15822,0.19542,0.25199,0.09002,0.11059,0.14462,0.10349,0.13730,0.21566,0.00451,0.10236,0.15338,0.24542,0.06123,0.12263,0.01110,0.10576,0.05661,0.21279,0.03873,0.20888,0.03831,0.03570,0.28276,0.15816,0.17476,0.21943,0.31321,0.10737,0.33724,0.21827,0.19271,0.10894,0.13138,0.00957,0.04065,0.05923,0.16502,0.10072,0.06330,0.10559,0.36894,0.02168,0.00000,0.00000,0.00000,0.00000,0.00000,0.00000,0.00000,0.00000,0.00000,0.00000,0.00000,0.00000,0.00000,0.00000,0.00000,0.00000,0.00000,0.00000,0.00000,0.00000,0.00000,0.00000
0.05894,0.09429,0.24040,0.25308,0.11015,0.08192,0.31816,0.00635,0.27222,0.01862,0.00535,0.26577,0.15712,0.09881,0.29573,0.25425,0.02058,0.07050,0.26574,0.32154,0.21680,0.21293,0.03002,0.02569,0.39523,0.12575,0.12006,0.17358,0.04689,0.27821,0.13609,0.13785,0.11900,0.11758,0.11483,0.05521,0.17020,0.36100,0.18690,0.07335,0.24908,0.05056,0.07712,0.08461,0.17801,0.10740,0.14595,0.26064,0.05563,0.05671,0.24697,0.08006,0.28591,0.13363,0.31605,0.10303,0.22476,0.16354,0.19772,0.18019,0.00000,0.00000,0.00000,0.00000,0.00000,0.00000,0.00000,0.00000,0.00000,0.00000,0.00000,0.00000,0.00000,0.00000,0.00000,0.00000,0.00000,0.00000,0.00000,0.00000,0.00000
0.13968,0.07483,0.34256,0.01456,0.06816,0.26584,0.21262,0.11672,0.06897,0.39233,0.09573,0.25781,0.08343,0.35097,0.03919,0.11873,0.07848,0.23841,0.22906,0.12957,0.13497,0.01505,0.39506,0.16097,0.24797,0.02818,0.23970,0.16576,0.09452,0.12218,0.26916,0.08622,0.11802,0.14491,0.24434,0.13362,0.00480,0.01404,0.08840,0.03950,0.10645,0.26198,0.22062,0.20120,0.21418,0.19963,0.24483,0.09861,0.22591,0.03187,0.23833,0.14963,0.14645,0.08874,0.25115,0.15054,0.04998,0.13656,0.06707,0.01297,0.20177,0.00000,0.00000,0.00000,0.00000,0.00000,0.00000,0.00000,0.00000,0.00000,0.00000,0.00000,0.00000,0.00000,0.00000,0.00000,0.00000,0.00000,0.00000,0.00000,0.00000
0.21459,0.41992,0.09832,0.18798,0.13160,0.24929,0.05738,0.51107,0.03313,0.06197,0.05457,0.13977,0.04264,0.05177,0.35074,0.13372,0.35004,0.09203,0.10608,0.10382,0.17702,0.10270,0.32338,0.50167,0.00376,0.03126,0.01449,0.06675,0.04184,0.43613,0.20197,0.30168,0.00505,0.01410,0.01627,0.00841,0.20210,0.05137,0.08466,0.05324,0.34288,0.06491,0.02641,0.05985,0.12577,0.01676,0.40414,0.02432,0.12622,0.16240,0.14717,0.16045,0.21534,0.04715,0.01395,0.06505,0.26786,0.07534,0.15457,0.12365,0.14055,0.01386,0.00000,0.00000,0.00000,0.00000,0.00000,0.00000,0.00000,0.00000,0.00000,0.00000,0.00000,0.00000,0.00000,0.00000,0.00000,0.00000,0.00000,0.00000,0.00000
0.13622,0.04527,0.29227,0.04110,0.09922,0.00342,0.01647,0.07216,0.06984,0.27901,0.06953,0.02571,0.14378,0.13233,0.02840,0.10495,0.05875,0.09656,0.12009,0.01591,0.11192,0.21139,0.06482,0.12931,0.13163,0.21067,0.19207,0.27961,0.07123,0.11228,0.09102,0.11212,0.33250,0.17303,0.35929,0.15794,0.12641,0.23886,0.30430,0.13092,0.05113,0.14315,0.32237,0.22978,0.20449,0.21220,0.15467,0.25375,0.13258,0.32323,0.07865,0.05312,0.09210,0.12468,0.26158,0.04253,0.00181,0.11973,0.01856,0.16093,0.22711,0.01475,0.16463,0.00000,0.00000,0.00000,0.00000,0.00000,0.00000,0.00000,0.00000,0.00000,0.00000,0.00000,0.00000,0.00000,0.00000,0.00000,0.00000,0.00000,0.00000
0.25626,0.31164,0.42549,0.08674,0.53846,0.13565,0.35957,0.00445,0.00411,0.14862,0.00413,0.15715,0.18869,0.06267,0.12204,0.04412,0.11972,0.13732,0.18533,0.30901,0.35552,0.11278,0.02799,0.10426,0.12757,0.10559,0.10802,0.13743,0.15971,0.05864,0.21367,0.17901,0.00713,0.15902,0.10027,0.28341,0.02757,0.18321,0.23166,0.12952,0.10233,0.04512,0.07571,0.31784,0.02278,0.02777,0.07497,0.11490,0.19581,0.00121,0.10686,0.01764,0.00229,0.11745,0.12274,0.13350,0.01300,0.12458,0.01822,0.12407,0.11986,0.16687,0.09417,0.14238,0.00000,0.00000,0.00000,0.00000,0.00000,0.00000,0.00000,0.00000,0.00000,0.00000,0.00000,0.00000,0.00000,0.00000,0.00000,0.00000,0.00000
0.17617,0.18652,0.14629,0.30070,0.23704,0.02529,0.13195,0.39461,0.04169,0.09290,0.06880,0.03042,0.24188,0.00240,0.15346,0.03036,0.22671,0.01019,0.44764,0.32735,0.03339,0.17411,0.08633,0.19111,0.10233,0.12406,0.10807,0.15603,0.35438,0.20598,0.15779,0.21608,0.01520,0.07504,0.23082,0.26591,0.05607,0.43941,0.06935,0.05103,0.34672,0.01611,0.09134,0.11061,0.11748,0.15902,0.11674,0.20056,0.02907,0.10137,0.08725,0.07948,0.06882,0.01107,0.12192,0.20245,0.00216,0.04636,0.28539,0.11088,0.24601,0.10158,0.26726,0.06460,0.19832,0.00000,0.00000,0.00000,0.00000,0.00000,0.00000,0.00000,0.00000,0.00000,0.00000,0.00000,0.00000,0.00000,0.00000,0.00000,0.00000
0.03391,0.04821,0.29252,0.02806,0.39804,0.00381,0.01333,0.15135,0.27632,0.10798,0.04251,0.11514,0.04663,0.08597,0.12020,0.05647,0.08040,0.34482,0.21831,0.04864,0.20020,0.20966,0.01251,0.01612,0.01392,0.15786,0.10643,0.15439,0.04219,0.01239,0.02026,0.15823,0.08756,0.20459,0.30024,0.04251,0.14143,0.19362,0.33206,0.00847,0.09268,0.04607,0.03715,0.13381,0.15494,0.07832,0.26737,0.12354,0.21444,0.00132,0.08104,0.30034,0.09610,0.03826,0.23592,0.20810,0.02752,0.10387,0.14156,0.00636,0.04198,0.03912,0.00501,0.18922,0.19103,0.14882,0.00000,0.00000,0.00000,0.00000,0.00000,0.00000,0.00000,0.00000,0.00000,0.00000,0.00000,0.00000,0.00000,0.00000,0.00000
0.20920,0.04257,0.36821,0.01054,0.00750,0.14288,0.02273,0.34860,0.04646,0.38377,0.01809,0.34737,0.08738,0.18442,0.16594,0.08303,0.24695,0.16963,0.04552,0.00220,0.00197,0.05106,0.26029,0.29422,0.10484,0.34133,0.11727,0.17640,0.01664,0.13651,0.22133,0.04626,0.22915,0.03574,0.26290,0.27982,0.05241,0.06148,0.19883,0.24638,0.13309,0.27212,0.15981,0.08736,0.19450,0.29193,0.02746,0.06094,0.02347,0.15991,0.09833,0.00475,0.03521,0.19455,0.27902,0.08713,0.19329,0.06105,0.21077,0.00796,0.01127,0.36446,0.01686,0.11957,0.04104,0.22871,0.21107,0.00000,0.00000,0.00000,0.00000,0.00000,0.00000,0.00000,0.00000,0.00000,0.00000,0.00000,0.00000,0.00000,0.00000
0.16425,0.13378,0.22610,0.02391,0.34065,0.21056,0.17131,0.15310,0.20447,0.01699,0.07416,0.15128,0.44098,0.35497,0.13413,0.00933,0.01499,0.08453,0.24630,0.12440,0.11460,0.02190,0.13284,0.00539,0.05670,0.19258,0.12963,0.06148,0.14625,0.14735,0.15506,0.20018,0.07634,0.01216,0.01418,0.00405,0.18500,0.03587,0.21567,0.04319,0.04809,0.02909,0.03045,0.20531,0.08367,0.02675,0.08888,0.04179,0.18349,0.07384,0.18119,0.06386,0.15144,0.07428,0.07465,0.00236,0.10098,0.34337,0.03426,0.10444,0.16113,0.17095,0.10330,0.13958,0.23658,0.00980,0.21215,0.03393,0.00000,0.00000,0.00000,0.00000,0.00000,0.00000,0.00000,0.00000,0.00000,0.00000,0.00000,0.00000,0.00000
0.00855,0.02012,0.19410,0.19916,0.02140,0.36758,0.10681,0.19803,0.18465,0.01740,0.03513,0.02905,0.22965,0.26669,0.11475,0.08450,0.10473,0.19561,0.12211,0.16786,0.00530,0.07240,0.22889,0.00609,0.09996,0.01608,0.05553,0.15345,0.10982,0.17424,0.02014,0.17202,0.12301,0.14697,0.25307,0.18482,0.03752,0.02697,0.04606,0.21868,0.17580,0.17431,0.30000,0.10490,0.10335,0.10988,0.07388,0.04475,0.12000,0.05962,0.15665,0.07348,0.13547,0.01253,0.11200,0.05252,0.23480,0.04600,0.19540,0.11875,0.08174,0.07746,0.15433,0.06427,0.07019,0.21010,0.10675,0.19270,0.05634,0.00000,0.00000,0.00000,0.00000,0.00000,0.00000,0.00000,0.00000,0.00000,0.00000,0.00000,0.00000
0.03048,0.28619,0.33444,0.24924,0.38334,0.22935,0.03088,0.30918,0.07167,0.27893,0.25477,0.19414,0.14191,0.24829,0.00050,0.06550,0.01829,0.42290,0.01947,0.15121,0.28788,0.06858,0.08770,0.08827,0.45740,0.06599,0.26203,0.32585,0.12585,0.11941,0.04531,0.31000,0.36154,0.18721,0.12218,0.43394,0.16098,0.14313,0.11784,0.09715,0.13607,0.24971,0.06990,0.18924,0.11743,0.14199,0.02132,0.16858,0.11592,0.01458,0.29558,0.27739,0.01992,0.37873,0.24319,0.31262,0.24835,0.18629,0.29716,0.12665,0.21655,0.30561,0.05764,0.18577,0.13108,0.14320,0.00427,0.05565,0.03255,0.03997,0.00000,0.00000,0.00000,0.00000,0.00000,0.00000,0.00000,0.00000,0.00000,0.00000,0.00000
0.10767,0.17505,0.04820,0.33842,0.03310,0.10929,0.10078,0.11711,0.23472,0.16467,0.12824,0.02392,0.32090,0.07508,0.01819,0.02165,0.11629,0.19361,0.13984,0.20817,0.37184,0.13129,0.20735,0.41080,0.09262,0.17842,0.00850,0.11078,0.29945,0.02096,0.16024,0.11603,0.03434,0.21921,0.02500,0.06347,0.15287,0.14083,0.24382,0.23142,0.13838,0.12681,0.11552,0.23119,0.16179,0.10190,0.07295,0.03686,0.06483,0.06877,0.19512,0.21556,0.12806,0.13315,0.02299,0.08755,0.12430,0.03556,0.17767,0.31301,0.16154,0.18228,0.23943,0.13754,0.15909,0.22782,0.24153,0.00506,0.04532,0.08599,0.14545,0.00000,0.00000,0.00000,0.00000,0.00000,0.00000,0.00000,0.00000,0.00000,0.00000
0.30051,0.29660,0.22622,0.26702,0.13659,0.07741,0.22784,0.37905,0.43089,0.01477,0.07106,0.08158,0.37921,0.34339,0.36604,0.05437,0.13285,0.08251,0.25846,0.09792,0.30287,0.17512,0.07624,0.28981,0.13749,0.19011,0.24306,0.05665,0.22559,0.38093,0.07956,0.24054,0.06167,0.17168,0.08245,0.29780,0.26945,0.09851,0.09403,0.10711,0.16581,0.03183,0.00976,0.15125,0.09320,0.02906,0.09435,0.14207,0.04391,0.01034,0.49476,0.13513,0.17483,0.03929,0.08215,0.33498,0.05038,0.19287,0.18317,0.09045,0.20701,0.07687,0.24755,0.08616,0.11442,0.41242,0.04731,0.15272,0.08955,0.19633,0.29542,0.06387,0.00000,0.00000,0.00000,0.00000,0.00000,0.00000,0.00000,0.00000,0.00000
0.37784,0.31962,0.51357,0.44083,0.17013,0.19554,0.14026,0.22838,0.39501,0.16789,0.17509,0.01527,0.22123,0.12346,0.00553,0.07929,0.17447,0.03294,0.19372,0.03012,0.22696,0.16168,0.30036,0.04098,0.05501,0.05878,0.10771,0.02270,0.06403,0.17565,0.16213,0.05396,0.24298,0.03529,0.19809,0.03732,0.07847,0.10125,0.07185,0.03274,0.26367,0.07755,0.04344,0.21927,0.08890,0.20418,0.02833,0.01199,0.02583,0.16696,0.00525,0.18923,0.14994,0.16693,0.05229,0.31035,0.33940,0.37716,0.38833,0.34736,0.20626,0.10763,0.07857,0.08928,0.29104,0.01691,0.08174,0.13407,0.04376,0.29710,0.19991,0.02442,0.11741,0.00000,0.00000,0.00000,0.00000,0.00000,0.00000,0.00000,0.00000
0.16766,0.35418,0.02059,0.18105,0.30175,0.31618,0.07143,0.21272,0.26136,0.10283,0.59269,0.38358,0.05364,0.20604,0.02451,0.13362,0.33635,0.00789,0.18194,0.04355,0.15579,0.06928,0.14580,0.00381,0.08801,0.08032,0.15183,0.10271,0.15669,0.21278,0.13349,0.24284,0.10270,0.66748,0.30588,0.18065,0.12108,0.34574,0.39764,0.02847,0.10918,0.06921,0.42571,0.28694,0.21940,0.00069,0.08501,0.05619,0.30221,0.05577,0.27844,0.00680,0.05161,0.02149,0.10378,0.09043,0.36708,0.15327,0.21976,0.03753,0.17252,0.06743,0.27573,0.13844,0.18665,0.04615,0.08378,0.11291,0.08063,0.04188,0.16556,0.12860,0.06054,0.03048,0.00000,0.00000,0.00000,0.00000,0.00000,0.00000,0.00000
0.37523,0.01072,0.10805,0.14889,0.14209,0.33316,0.00841,0.12667,0.05891,0.10765,0.08545,0.20145,0.10812,0.07478,0.45895,0.22229,0.23060,0.02330,0.12172,0.18558,0.02912,0.20802,0.09241,0.05166,0.12024,0.25802,0.23263,0.01153,0.17119,0.05520,0.10661,0.02090,0.07702,0.13634,0.03053,0.20493,0.01591,0.13606,0.14891,0.01122,0.04513,0.21549,0.08615,0.12122,0.26165,0.18750,0.19680,0.18107,0.24704,0.11040,0.07935,0.29869,0.14632,0.04706,0.07383,0.02277,0.27365,0.14927,0.39333,0.07919,0.22430,0.10316,0.08353,0.05888,0.05569,0.01207,0.12120,0.05855,0.02224,0.14090,0.05076,0.01505,0.01065,0.38090,0.11387,0.00000,0.00000,0.00000,0.00000,0.00000,0.00000
0.00619,0.36884,0.48227,0.23685,0.01817,0.10833,0.25026,0.29378,0.32457,0.15696,0.15396,0.02927,0.22814,0.39707,0.08070,0.05509,0.05699,0.00751,0.19276,0.06694,0.16769,0.09630,0.14243,0.17505,0.11165,0.04331,0.20916,0.06968,0.09711,0.17295,0.02250,0.08946,0.17561,0.07190,0.19210,0.40763,0.04959,0.10451,0.06725,0.10373,0.19025,0.04161,0.04119,0.05672,0.19173,0.01209,0.43370,0.06701,0.25534,0.16647,0.31729,0.15446,0.10066,0.07757,0.19506,0.09391,0.02061,0.11021,0.02516,0.06068,0.05190,0.28567,0.27545,0.06619,0.00997,0.39468,0.05273,0.28703,0.05848,0.38928,0.13400,0.09463,0.52149,0.20974,0.07149,0.05271,0.00000,0.00000,0.00000,0.00000,0.00000
0.30487,0.31693,0.13403,0.04277,0.24050,0.32975,0.14701,0.18413,0.33229,0.19486,0.12393,0.02724,0.08485,0.30162,0.30872,0.18238,0.14557,0.16614,0.17494,0.07506,0.12953,0.34212,0.09814,0.27795,0.33000,0.06822,0.15317,0.13417,0.08071,0.17895,0.20938,0.10673,0.07082,0.29407,0.09431,0.04298,0.24669,0.02472,0.06285,0.02932,0.05796,0.02551,0.10782,0.07617,0.13565,0.05879,0.04882,0.06488,0.31489,0.22687,0.05026,0.00003,0.10003,0.17046,0.38445,0.12861,0.19492,0.13210,0.01146,0.06392,0.17973,0.08006,0.33537,0.13397,0.10883,0.11180,0.28956,0.00261,0.16364,0.06980,0.21517,0.14481,0.26800,0.08462,0.27104,0.31788,0.05938,0.00000,0.00000,0.00000,0.00000
0.10217,0.12519,0.33774,0.22316,0.19212,0.19485,0.06261,0.29416,0.02036,0.29869,0.11120,0.20139,0.03476,0.08699,0.23460,0.11538,0.05573,0.05141,0.05583,0.13458,0.31952,0.16941,0.06489,0.40742,0.04604,0.15462,0.14740,0.09242,0.07722,0.33778,0.02297,0.19002,0.19186,0.00817,0.33847,0.18641,0.17282,0.21888,0.46520,0.29649,0.18937,0.04101,0.01679,0.03896,0.10023,0.12872,0.29319,0.04912,0.21767,0.20563,0.03701,0.07306,0.09862,0.02477,0.34384,0.29457,0.19512,0.04764,0.19015,0.07795,0.13702,0.04794,0.35663,0.37269,0.04061,0.17520,0.18017,0.19296,0.00068,0.01516,0.08590,0.09836,0.17815,0.02747,0.12053,0.01963,0.17909,0.35851,0.00000,0.00000,0.00000
0.02168,0.05965,0.34629,0.05934,0.15297,0.31873,0.04837,0.24641,0.25787,0.08127,0.32760,0.19952,0.08105,0.27380,0.08141,0.34057,0.18445,0.02499,0.09639,0.05449,0.22471,0.01428,0.16490,0.13931,0.13065,0.06757,0.01031,0.08183,0.12095,0.00423,0.12702,0.35396,0.15104,0.14593,0.13391,0.33389,0.01503,0.19106,0.02705,0.14687,0.12417,0.08344,0.17855,0.33733,0.08768,0.06956,0.33828,0.05020,0.04799,0.34109,0.36755,0.14299,0.36572,0.08754,0.12080,0.21917,0.19027,0.13354,0.01221,0.22553,0.06749,0.01672,0.05358,0.03378,0.02824,0.26566,0.00120,0.25952,0.10631,0.24617,0.23368,0.11755,0.40571,0.03359,0.21920,0.13397,0.59159,0.15046,0.05849,0.00000,0.00000
0.04728,0.10758,0.02459,0.30145,0.15384,0.18776,0.20291,0.08553,0.34088,0.33767,0.29276,0.16410,0.33375,0.39309,0.24938,0.14204,0.17079,0.18605,0.32976,0.09053,0.20953,0.05512,0.04784,0.12619,0.22573,0.25969,0.27320,0.12007,0.08485,0.14161,0.05509,0.02121,0.19255,0.02059,0.09234,0.07905,0.01351,0.05376,0.26806,0.21477,0.18078,0.09057,0.38277,0.09868,0.17621,0.25029,0.18047,0.33507,0.28869,0.12405,0.21921,0.01317,0.11402,0.19438,0.20174,0.01826,0.02885,0.37726,0.05690,0.24185,0.09647,0.00111,0.13467,0.00259,0.05476,0.05666,0.13231,0.15005,0.30264,0.08381,0.01128,0.05897,0.21860,0.15007,0.13916,0.00064,0.05931,0.30843,0.05790,0.08225,0.00000
