0.00000,0.00000,0.00000,0.00000,0.00000,0.00000,0.00000,0.00000,0.00000,0.00000,0.00000,0.00000,0.00000,0.00000,0.00000,0.00000,0.00000,0.00000,0.00000,0.00000,0.00000,0.00000,0.00000,0.00000,0.00000,0.00000,0.00000,0.00000,0.00000,0.00000,0.00000,0.00000,0.00000,0.00000,0.00000,0.00000,0.00000,0.00000,0.00000,0.00000,0.00000,0.00000,0.00000,0.00000,0.00000,0.00000,0.00000,0.00000,0.00000,0.00000,0.00000,0.00000,0.00000,0.00000,0.00000,0.00000,0.00000,0.00000,0.00000,0.00000,0.00000,0.00000,0.00000,0.00000,0.00000,0.00000,0.00000,0.00000,0.00000,0.00000,0.00000,0.00000,0.00000,0.00000,0.00000,0.00000,0.00000,0.00000,0.00000,0.00000,0.00000,0.00000,0.00000,0.00000,0.00000,0.00000,0.00000,0.00000,0.00000
0.33520,0.00000,0.00000,0.00000,0.00000,0.00000,0.00000,0.00000,0.00000,0.00000,0.00000,0.00000,0.00000,0.00000,0.00000,0.00000,0.00000,0.00000,0.00000,0.00000,0.00000,0.00000,0.00000,0.00000,0.00000,0.00000,0.00000,0.00000,0.00000,0.00000,0.00000,0.00000,0.00000,0.00000,0.00000,0.00000,0.00000,0.00000,0.00000,0.00000,0.00000,0.00000,0.00000,0.00000,0.00000,0.00000,0.00000,0.00000,0.00000,0.00000,0.00000,0.00000,0.00000,0.00000,0.00000,0.00000,0.00000,0.00000,0.00000,0.00000,0.00000,0.00000,0.00000,0.00000,0.00000,0.00000,0.00000,0.00000,0.00000,0.00000,0.00000,0.00000,0.00000,0.00000,0.00000,0.00000,0.00000,0.00000,0.00000,0.00000,0.00000,0.00000,0.00000,0.00000,0.00000,0.00000,0.00000,0.00000,0.00000
0.30483,0.42107,0.00000,0.00000,0.00000,0.00000,0.00000,0.00000,0.00000,0.00000,0.00000,0.00000,0.00000,0.00000,0.00000,0.00000,0.00000,0.00000,0.00000,0.00000,0.00000,0.00000,0.00000,0.00000,0.00000,0.00000,0.00000,0.00000,0.00000,0.00000,0.00000,0.00000,0.00000,0.00000,0.00000,0.00000,0.00000,0.00000,0.00000,0.00000,0.00000,0.00000,0.00000,0.00000,0.00000,0.00000,0.00000,0.00000,0.00000,0.00000,0.00000,0.00000,0.00000,0.00000,0.00000,0.00000,0.00000,0.00000,0.00000,0.00000,0.00000,0.00000,0.00000,0.00000,0.00000,0.00000,0.00000,0.00000,0.00000,0.00000,0.00000,0.00000,0.00000,0.00000,0.00000,0.00000,0.00000,0.00000,0.00000,0.00000,0.00000,0.00000,0.00000,0.00000,0.00000,0.00000,0.00000,0.00000,0.00000
0.27407,0.31625,0.46312,0.00000,0.00000,0.00000,0.00000,0.00000,0.00000,0.00000,0.00000,0.00000,0.00000,0.00000,0.00000,0.00000,0.00000,0.00000,0.00000,0.00000,0.00000,0.00000,0.00000,0.00000,0.00000,0.00000,0.00000,0.00000,0.00000,0.00000,0.00000,0.00000,0.00000,0.00000,0.00000,0.00000,0.00000,0.00000,0.00000,0.00000,0.00000,0.00000,0.00000,0.00000,0.00000,0.00000,0.00000,0.00000,0.00000,0.00000,0.00000,0.00000,0.00000,0.00000,0.00000,0.00000,0.00000,0.00000,0.00000,0.00000,0.00000,0.00000,0.00000,0.00000,0.00000,0.00000,0.00000,0.00000,0.00000,0.00000,0.00000,0.00000,0.00000,0.00000,0.00000,0.00000,0.00000,0.00000,0.00000,0.00000,0.00000,0.00000,0.00000,0.00000,0.00000,0.00000,0.00000,0.00000,0.00000
0.20469,0.25181,0.35423,0.40817,0.00000,0.00000,0.00000,0.00000,0.00000,0.00000,0.00000,0.00000,0.00000,0.00000,0.00000,0.00000,0.00000,0.00000,0.00000,0.00000,0.00000,0.00000,0.00000,0.00000,0.00000,0.00000,0.00000,0.00000,0.00000,0.00000,0.00000,0.00000,0.00000,0.00000,0.00000,0.00000,0.00000,0.00000,0.00000,0.00000,0.00000,0.00000,0.00000,0.00000,0.00000,0.00000,0.00000,0.00000,0.00000,0.00000,0.00000,0.00000,0.00000,0.00000,0.00000,0.00000,0.00000,0.00000,0.00000,0.00000,0.00000,0.00000,0.00000,0.00000,0.00000,0.00000,0.00000,0.00000,0.00000,0.00000,0.00000,0.00000,0.00000,0.00000,0.00000,0.00000,0.00000,0.00000,0.00000,0.00000,0.00000,0.00000,0.00000,0.00000,0.00000,0.00000,0.00000,0.00000,0.00000
0.17902,0.14559,0.32365,0.47708,0.09039,0.00000,0.00000,0.00000,0.00000,0.00000,0.00000,0.00000,0.00000,0.00000,0.00000,0.00000,0.00000,0.00000,0.00000,0.00000,0.00000,0.00000,0.00000,0.00000,0.00000,0.00000,0.00000,0.00000,0.00000,0.00000,0.00000,0.00000,0.00000,0.00000,0.00000,0.00000,0.00000,0.00000,0.00000,0.00000,0.00000,0.00000,0.00000,0.00000,0.00000,0.00000,0.00000,0.00000,0.00000,0.00000,0.00000,0.00000,0.00000,0.00000,0.00000,0.00000,0.00000,0.00000,0.00000,0.00000,0.00000,0.00000,0.00000,0.00000,0.00000,0.00000,0.00000,0.00000,0.00000,0.00000,0.00000,0.00000,0.00000,0.00000,0.00000,0.00000,0.00000,0.00000,0.00000,0.00000,0.00000,0.00000,0.00000,0.00000,0.00000,0.00000,0.00000,0.00000,0.00000
0.31039,0.38951,0.44049,0.21130,0.51113,0.20895,0.00000,0.00000,0.00000,0.00000,0.00000,0.00000,0.00000,0.00000,0.00000,0.00000,0.00000,0.00000,0.00000,0.00000,0.00000,0.00000,0.00000,0.00000,0.00000,0.00000,0.00000,0.00000,0.00000,0.00000,0.00000,0.00000,0.00000,0.00000,0.00000,0.00000,0.00000,0.00000,0.00000,0.00000,0.00000,0.00000,0.00000,0.00000,0.00000,0.00000,0.00000,0.00000,0.00000,0.00000,0.00000,0.00000,0.00000,0.00000,0.00000,0.00000,0.00000,0.00000,0.00000,0.00000,0.00000,0.00000,0.00000,0.00000,0.00000,0.00000,0.00000,0.00000,0.00000,0.00000,0.00000,0.00000,0.00000,0.00000,0.00000,0.00000,0.00000,0.00000,0.00000,0.00000,0.00000,0.00000,0.00000,0.00000,0.00000,0.00000,0.00000,0.00000,0.00000
0.08890,0.29101,0.24020,0.19121,0.28271,0.06301,0.05941,0.00000,0.00000,0.00000,0.00000,0.00000,0.00000,0.00000,0.00000,0.00000,0.00000,0.00000,0.00000,0.00000,0.00000,0.00000,0.00000,0.00000,0.00000,0.00000,0.00000,0.00000,0.00000,0.00000,0.00000,0.00000,0.00000,0.00000,0.00000,0.00000,0.00000,0.00000,0.00000,0.00000,0.00000,0.00000,0.00000,0.00000,0.00000,0.00000,0.00000,0.00000,0.00000,0.00000,0.00000,0.00000,0.00000,0.00000,0.00000,0.00000,0.00000,0.00000,0.00000,0.00000,0.00000,0.00000,0.00000,0.00000,0.00000,0.00000,0.00000,0.00000,0.00000,0.00000,0.00000,0.00000,0.00000,0.00000,0.00000,0.00000,0.00000,0.00000,0.00000,0.00000,0.00000,0.00000,0.00000,0.00000,0.00000,0.00000,0.00000,0.00000,0.00000
0.10632,0.42667,0.28406,0.45846,0.25794,0.22950,0.00729,0.22834,0.00000,0.00000,0.00000,0.00000,0.00000,0.00000,0.00000,0.00000,0.00000,0.00000,0.00000,0.00000,0.00000,0.00000,0.00000,0.00000,0.00000,0.00000,0.00000,0.00000,0.00000,0.00000,0.00000,0.00000,0.00000,0.00000,0.00000,0.00000,0.00000,0.00000,0.00000,0.00000,0.00000,0.00000,0.00000,0.00000,0.00000,0.00000,0.00000,0.00000,0.00000,0.00000,0.00000,0.00000,0.00000,0.00000,0.00000,0.00000,0.00000,0.00000,0.00000,0.00000,0.00000,0.00000,0.00000,0.00000,0.00000,0.00000,0.00000,0.00000,0.00000,0.00000,0.00000,0.00000,0.00000,0.00000,0.00000,0.00000,0.00000,0.00000,0.00000,0.00000,0.00000,0.00000,0.00000,0.00000,0.00000,0.00000,0.00000,0.00000,0.00000
0.13928,0.11524,0.10137,0.16985,0.08173,0.21721,0.38048,0.16459,0.20980,0.00000,0.00000,0.00000,0.00000,0.00000,0.00000,0.00000,0.00000,0.00000,0.00000,0.00000,0.00000,0.00000,0.00000,0.00000,0.00000,0.00000,0.00000,0.00000,0.00000,0.00000,0.00000,0.00000,0.00000,0.00000,0.00000,0.00000,0.00000,0.00000,0.00000,0.00000,0.00000,0.00000,0.00000,0.00000,0.00000,0.00000,0.00000,0.00000,0.00000,0.00000,0.00000,0.00000,0.00000,0.00000,0.00000,0.00000,0.00000,0.00000,0.00000,0.00000,0.00000,0.00000,0.00000,0.00000,0.00000,0.00000,0.00000,0.00000,0.00000,0.00000,0.00000,0.00000,0.00000,0.00000,0.00000,0.00000,0.00000,0.00000,0.00000,0.00000,0.00000,0.00000,0.00000,0.00000,0.00000,0.00000,0.00000,0.00000,0.00000
0.26615,0.20346,0.16415,0.32488,0.22204,0.32064,0.08135,0.19738,0.31584,0.09894,0.00000,0.00000,0.00000,0.00000,0.00000,0.00000,0.00000,0.00000,0.00000,0.00000,0.00000,0.00000,0.00000,0.00000,0.00000,0.00000,0.00000,0.00000,0.00000,0.00000,0.00000,0.00000,0.00000,0.00000,0.00000,0.00000,0.00000,0.00000,0.00000,0.00000,0.00000,0.00000,0.00000,0.00000,0.00000,0.00000,0.00000,0.00000,0.00000,0.00000,0.00000,0.00000,0.00000,0.00000,0.00000,0.00000,0.00000,0.00000,0.00000,0.00000,0.00000,0.00000,0.00000,0.00000,0.00000,0.00000,0.00000,0.00000,0.00000,0.00000,0.00000,0.00000,0.00000,0.00000,0.00000,0.00000,0.00000,0.00000,0.00000,0.00000,0.00000,0.00000,0.00000,0.00000,0.00000,0.00000,0.00000,0.00000,0.00000
0.01880,0.28716,0.03157,0.28819,0.14874,0.17247,0.11821,0.20164,0.19486,0.11835,0.24005,0.00000,0.00000,0.00000,0.00000,0.00000,0.00000,0.00000,0.00000,0.00000,0.00000,0.00000,0.00000,0.00000,0.00000,0.00000,0.00000,0.00000,0.00000,0.00000,0.00000,0.00000,0.00000,0.00000,0.00000,0.00000,0.00000,0.00000,0.00000,0.00000,0.00000,0.00000,0.00000,0.00000,0.00000,0.00000,0.00000,0.00000,0.00000,0.00000,0.00000,0.00000,0.00000,0.00000,0.00000,0.00000,0.00000,0.00000,0.00000,0.00000,0.00000,0.00000,0.00000,0.00000,0.00000,0.00000,0.00000,0.00000,0.00000,0.00000,0.00000,0.00000,0.00000,0.00000,0.00000,0.00000,0.00000,0.00000,0.00000,0.00000,0.00000,0.00000,0.00000,0.00000,0.00000,0.00000,0.00000,0.00000,0.00000
0.24844,0.03444,0.28466,0.12882,0.19859,0.05207,0.00786,0.07421,0.02791,0.12063,0.09636,0.25169,0.00000,0.00000,0.00000,0.00000,0.00000,0.00000,0.00000,0.00000,0.00000,0.00000,0.00000,0.00000,0.00000,0.00000,0.00000,0.00000,0.00000,0.00000,0.00000,0.00000,0.00000,0.00000,0.00000,0.00000,0.00000,0.00000,0.00000,0.00000,0.00000,0.00000,0.00000,0.00000,0.00000,0.00000,0.00000,0.00000,0.00000,0.00000,0.00000,0.00000,0.00000,0.00000,0.00000,0.00000,0.00000,0.00000,0.00000,0.00000,0.00000,0.00000,0.00000,0.00000,0.00000,0.00000,0.00000,0.00000,0.00000,0.00000,0.00000,0.00000,0.00000,0.00000,0.00000,0.00000,0.00000,0.00000,0.00000,0.00000,0.00000,0.00000,0.00000,0.00000,0.00000,0.00000,0.00000,0.00000,0.00000
0.38949,0.14383,0.23995,0.10730,0.23856,0.08237,0.24778,0.19591,0.00655,0.05371,0.19512,0.02859,0.18110,0.00000,0.00000,0.00000,0.00000,0.00000,0.00000,0.00000,0.00000,0.00000,0.00000,0.00000,0.00000,0.00000,0.00000,0.00000,0.00000,0.00000,0.00000,0.00000,0.00000,0.00000,0.00000,0.00000,0.00000,0.00000,0.00000,0.00000,0.00000,0.00000,0.00000,0.00000,0.00000,0.00000,0.00000,0.00000,0.00000,0.00000,0.00000,0.00000,0.00000,0.00000,0.00000,0.00000,0.00000,0.00000,0.00000,0.00000,0.00000,0.00000,0.00000,0.00000,0.00000,0.00000,0.00000,0.00000,0.00000,0.00000,0.00000,0.00000,0.00000,0.00000,0.00000,0.00000,0.00000,0.00000,0.00000,0.00000,0.00000,0.00000,0.00000,0.00000,0.00000,0.00000,0.00000,0.00000,0.00000
0.13598,0.12105,0.33634,0.13085,0.05504,0.08142,0.17221,0.02971,0.20858,0.09071,0.13380,0.13545,0.23969,0.03356,0.00000,0.00000,0.00000,0.00000,0.00000,0.00000,0.00000,0.00000,0.00000,0.00000,0.00000,0.00000,0.00000,0.00000,0.00000,0.00000,0.00000,0.00000,0.00000,0.00000,0.00000,0.00000,0.00000,0.00000,0.00000,0.00000,0.00000,0.00000,0.00000,0.00000,0.00000,0.00000,0.00000,0.00000,0.00000,0.00000,0.00000,0.00000,0.00000,0.00000,0.00000,0.00000,0.00000,0.00000,0.00000,0.00000,0.00000,0.00000,0.00000,0.00000,0.00000,0.00000,0.00000,0.00000,0.00000,0.00000,0.00000,0.00000,0.00000,0.00000,0.00000,0.00000,0.00000,0.00000,0.00000,0.00000,0.00000,0.00000,0.00000,0.00000,0.00000,0.00000,0.00000,0.00000,0.00000
0.36157,0.20441,0.26839,0.04419,0.10345,0.10533,0.16797,0.27272,0.18030,0.31138,0.43890,0.07874,0.21837,0.44222,0.06490,0.00000,0.00000,0.00000,0.00000,0.00000,0.00000,0.00000,0.00000,0.00000,0.00000,0.00000,0.00000,0.00000,0.00000,0.00000,0.00000,0.00000,0.00000,0.00000,0.00000,0.00000,0.00000,0.00000,0.00000,0.00000,0.00000,0.00000,0.00000,0.00000,0.00000,0.00000,0.00000,0.00000,0.00000,0.00000,0.00000,0.00000,0.00000,0.00000,0.00000,0.00000,0.00000,0.00000,0.00000,0.00000,0.00000,0.00000,0.00000,0.00000,0.00000,0.00000,0.00000,0.00000,0.00000,0.00000,0.00000,0.00000,0.00000,0.00000,0.00000,0.00000,0.00000,0.00000,0.00000,0.00000,0.00000,0.00000,0.00000,0.00000,0.00000,0.00000,0.00000,0.00000,0.00000
0.18738,0.05068,0.08369,0.13181,0.23253,0.23424,0.20909,0.12166,0.02648,0.24123,0.30421,0.02160,0.15754,0.24974,0.03138,0.18348,0.00000,0.00000,0.00000,0.00000,0.00000,0.00000,0.00000,0.00000,0.00000,0.00000,0.00000,0.00000,0.00000,0.00000,0.00000,0.00000,0.00000,0.00000,0.00000,0.00000,0.00000,0.00000,0.00000,0.00000,0.00000,0.00000,0.00000,0.00000,0.00000,0.00000,0.00000,0.00000,0.00000,0.00000,0.00000,0.00000,0.00000,0.00000,0.00000,0.00000,0.00000,0.00000,0.00000,0.00000,0.00000,0.00000,0.00000,0.00000,0.00000,0.00000,0.00000,0.00000,0.00000,0.00000,0.00000,0.00000,0.00000,0.00000,0.00000,0.00000,0.00000,0.00000,0.00000,0.00000,0.00000,0.00000,0.00000,0.00000,0.00000,0.00000,0.00000,0.00000,0.00000
0.20004,0.40532,0.03287,0.26308,0.19278,0.10482,0.06539,0.04235,0.41761,0.06652,0.04168,0.20000,0.04531,0.20024,0.16264,0.23275,0.07644,0.00000,0.00000,0.00000,0.00000,0.00000,0.00000,0.00000,0.00000,0.00000,0.00000,0.00000,0.00000,0.00000,0.00000,0.00000,0.00000,0.00000,0.00000,0.00000,0.00000,0.00000,0.00000,0.00000,0.00000,0.00000,0.00000,0.00000,0.00000,0.00000,0.00000,0.00000,0.00000,0.00000,0.00000,0.00000,0.00000,0.00000,0.00000,0.00000,0.00000,0.00000,0.00000,0.00000,0.00000,0.00000,0.00000,0.00000,0.00000,0.00000,0.00000,0.00000,0.00000,0.00000,0.00000,0.00000,0.00000,0.00000,0.00000,0.00000,0.00000,0.00000,0.00000,0.00000,0.00000,0.00000,0.00000,0.00000,0.00000,0.00000,0.00000,0.00000,0.00000
0.00734,0.00932,0.17435,0.13147,0.30642,0.02706,0.24264,0.28643,0.13401,0.16002,0.01632,0.07407,0.34277,0.03770,0.12535,0.10194,0.08867,0.26249,0.00000,0.00000,0.00000,0.00000,0.00000,0.00000,0.00000,0.00000,0.00000,0.00000,0.00000,0.00000,0.00000,0.00000,0.00000,0.00000,0.00000,0.00000,0.00000,0.00000,0.00000,0.00000,0.00000,0.00000,0.00000,0.00000,0.00000,0.00000,0.00000,0.00000,0.00000,0.00000,0.00000,0.00000,0.00000,0.00000,0.00000,0.00000,0.00000,0.00000,0.00000,0.00000,0.00000,0.00000,0.00000,0.00000,0.00000,0.00000,0.00000,0.00000,0.00000,0.00000,0.00000,0.00000,0.00000,0.00000,0.00000,0.00000,0.00000,0.00000,0.00000,0.00000,0.00000,0.00000,0.00000,0.00000,0.00000,0.00000,0.00000,0.00000,0.00000
0.20938,0.31674,0.09346,0.22032,0.24083,0.01732,0.01561,0.47965,0.18200,0.10720,0.18013,0.45276,0.06304,0.05009,0.06401,0.07103,0.23141,0.21070,0.04831,0.00000,0.00000,0.00000,0.00000,0.00000,0.00000,0.00000,0.00000,0.00000,0.00000,0.00000,0.00000,0.00000,0.00000,0.00000,0.00000,0.00000,0.00000,0.00000,0.00000,0.00000,0.00000,0.00000,0.00000,0.00000,0.00000,0.00000,0.00000,0.00000,0.00000,0.00000,0.00000,0.00000,0.00000,0.00000,0.00000,0.00000,0.00000,0.00000,0.00000,0.00000,0.00000,0.00000,0.00000,0.00000,0.00000,0.00000,0.00000,0.00000,0.00000,0.00000,0.00000,0.00000,0.00000,0.00000,0.00000,0.00000,0.00000,0.00000,0.00000,0.00000,0.00000,0.00000,0.00000,0.00000,0.00000,0.00000,0.00000,0.00000,0.00000
0.27591,0.33172,0.23449,0.42017,0.45549,0.22588,0.11453,0.04535,0.33186,0.02549,0.18760,0.20084,0.04451,0.07323,0.15425,0.05254,0.06641,0.28530,0.45179,0.39610,0.00000,0.00000,0.00000,0.00000,0.00000,0.00000,0.00000,0.00000,0.00000,0.00000,0.00000,0.00000,0.00000,0.00000,0.00000,0.00000,0.00000,0.00000,0.00000,0.00000,0.00000,0.00000,0.00000,0.00000,0.00000,0.00000,0.00000,0.00000,0.00000,0.00000,0.00000,0.00000,0.00000,0.00000,0.00000,0.00000,0.00000,0.00000,0.00000,0.00000,0.00000,0.00000,0.00000,0.00000,0.00000,0.00000,0.00000,0.00000,0.00000,0.00000,0.00000,0.00000,0.00000,0.00000,0.00000,0.00000,0.00000,0.00000,0.00000,0.00000,0.00000,0.00000,0.00000,0.00000,0.00000,0.00000,0.00000,0.00000,0.00000
0.15168,0.04224,0.27407,0.16355,0.03871,0.11688,0.11382,0.21085,0.12605,0.26361,0.31655,0.05961,0.08674,0.30460,0.14818,0.11203,0.22667,0.09284,0.19124,0.09776,0.29233,0.00000,0.00000,0.00000,0.00000,0.00000,0.00000,0.00000,0.00000,0.00000,0.00000,0.00000,0.00000,0.00000,0.00000,0.00000,0.00000,0.00000,0.00000,0.00000,0.00000,0.00000,0.00000,0.00000,0.00000,0.00000,0.00000,0.00000,0.00000,0.00000,0.00000,0.00000,0.00000,0.00000,0.00000,0.00000,0.00000,0.00000,0.00000,0.00000,0.00000,0.00000,0.00000,0.00000,0.00000,0.00000,0.00000,0.00000,0.00000,0.00000,0.00000,0.00000,0.00000,0.00000,0.00000,0.00000,0.00000,0.00000,0.00000,0.00000,0.00000,0.00000,0.00000,0.00000,0.00000,0.00000,0.00000,0.00000,0.00000
0.38552,0.03980,0.25299,0.40619,0.44028,0.10901,0.25224,0.08259,0.04203,0.08378,0.11079,0.36786,0.09213,0.11344,0.29180,0.22890,0.14646,0.10920,0.22157,0.21788,0.16069,0.05808,0.00000,0.00000,0.00000,0.00000,0.00000,0.00000,0.00000,0.00000,0.00000,0.00000,0.00000,0.00000,0.00000,0.00000,0.00000,0.00000,0.00000,0.00000,0.00000,0.00000,0.00000,0.00000,0.00000,0.00000,0.00000,0.00000,0.00000,0.00000,0.00000,0.00000,0.00000,0.00000,0.00000,0.00000,0.00000,0.00000,0.00000,0.00000,0.00000,0.00000,0.00000,0.00000,0.00000,0.00000,0.00000,0.00000,0.00000,0.00000,0.00000,0.00000,0.00000,0.00000,0.00000,0.00000,0.00000,0.00000,0.00000,0.00000,0.00000,0.00000,0.00000,0.00000,0.00000,0.00000,0.00000,0.00000,0.00000
0.14184,0.32704,0.28899,0.04373,0.24644,0.05454,0.16004,0.08594,0.01569,0.02390,0.02480,0.05642,0.05848,0.20432,0.22514,0.04545,0.23693,0.04044,0.23711,0.01626,0.05325,0.08891,0.12270,0.00000,0.00000,0.00000,0.00000,0.00000,0.00000,0.00000,0.00000,0.00000,0.00000,0.00000,0.00000,0.00000,0.00000,0.00000,0.00000,0.00000,0.00000,0.00000,0.00000,0.00000,0.00000,0.00000,0.00000,0.00000,0.00000,0.00000,0.00000,0.00000,0.00000,0.00000,0.00000,0.00000,0.00000,0.00000,0.00000,0.00000,0.00000,0.00000,0.00000,0.00000,0.00000,0.00000,0.00000,0.00000,0.00000,0.00000,0.00000,0.00000,0.00000,0.00000,0.00000,0.00000,0.00000,0.00000,0.00000,0.00000,0.00000,0.00000,0.00000,0.00000,0.00000,0.00000,0.00000,0.00000,0.00000
0.24873,0.12482,0.33264,0.09707,0.02592,0.04944,0.03324,0.05666,0.00106,0.05336,0.25619,0.14528,0.12444,0.43848,0.38206,0.38036,0.11120,0.02301,0.15892,0.05727,0.02243,0.19464,0.00896,0.00368,0.00000,0.00000,0.00000,0.00000,0.00000,0.00000,0.00000,0.00000,0.00000,0.00000,0.00000,0.00000,0.00000,0.00000,0.00000,0.00000,0.00000,0.00000,0.00000,0.00000,0.00000,0.00000,0.00000,0.00000,0.00000,0.00000,0.00000,0.00000,0.00000,0.00000,0.00000,0.00000,0.00000,0.00000,0.00000,0.00000,0.00000,0.00000,0.00000,0.00000,0.00000,0.00000,0.00000,0.00000,0.00000,0.00000,0.00000,0.00000,0.00000,0.00000,0.00000,0.00000,0.00000,0.00000,0.00000,0.00000,0.00000,0.00000,0.00000,0.00000,0.00000,0.00000,0.00000,0.00000,0.00000
0.09455,0.21511,0.11757,0.20247,0.18041,0.02093,0.03884,0.09815,0.32745,0.10269,0.29291,0.18972,0.01631,0.03619,0.08727,0.26763,0.00730,0.16481,0.15357,0.08412,0.04596,0.36934,0.16733,0.10611,0.29016,0.00000,0.00000,0.00000,0.00000,0.00000,0.00000,0.00000,0.00000,0.00000,0.00000,0.00000,0.00000,0.00000,0.00000,0.00000,0.00000,0.00000,0.00000,0.00000,0.00000,0.00000,0.00000,0.00000,0.00000,0.00000,0.00000,0.00000,0.00000,0.00000,0.00000,0.00000,0.00000,0.00000,0.00000,0.00000,0.00000,0.00000,0.00000,0.00000,0.00000,0.00000,0.00000,0.00000,0.00000,0.00000,0.00000,0.00000,0.00000,0.00000,0.00000,0.00000,0.00000,0.00000,0.00000,0.00000,0.00000,0.00000,0.00000,0.00000,0.00000,0.00000,0.00000,0.00000,0.00000
0.30463,0.25195,0.15676,0.22963,0.06502,0.04856,0.25420,0.28451,0.07939,0.20513,0.01263,0.14811,0.23917,0.10216,0.03870,0.26200,0.09121,0.09084,0.24857,0.35247,0.00401,0.07889,0.03430,0.13007,0.02514,0.15787,0.00000,0.00000,0.00000,0.00000,0.00000,0.00000,0.00000,0.00000,0.00000,0.00000,0.00000,0.00000,0.00000,0.00000,0.00000,0.00000,0.00000,0.00000,0.00000,0.00000,0.00000,0.00000,0.00000,0.00000,0.00000,0.00000,0.00000,0.00000,0.00000,0.00000,0.00000,0.00000,0.00000,0.00000,0.00000,0.00000,0.00000,0.00000,0.00000,0.00000,0.00000,0.00000,0.00000,0.00000,0.00000,0.00000,0.00000,0.00000,0.00000,0.00000,0.00000,0.00000,0.00000,0.00000,0.00000,0.00000,0.00000,0.00000,0.00000,0.00000,0.00000,0.00000,0.00000
0.02605,0.30607,0.39582,0.00300,0.22718,0.04288,0.11895,0.07744,0.14557,0.20706,0.16031,0.29349,0.06581,0.16153,0.42358,0.00854,0.21661,0.07065,0.08650,0.19304,0.30641,0.00331,0.23444,0.26577,0.19865,0.02904,0.06433,0.00000,0.00000,0.00000,0.00000,0.00000,0.00000,0.00000,0.00000,0.00000,0.00000,0.00000,0.00000,0.00000,0.00000,0.00000,0.00000,0.00000,0.00000,0.00000,0.00000,0.00000,0.00000,0.00000,0.00000,0.00000,0.00000,0.00000,0.00000,0.00000,0.00000,0.00000,0.00000,0.00000,0.00000,0.00000,0.00000,0.00000,0.00000,0.00000,0.00000,0.00000,0.00000,0.00000,0.00000,0.00000,0.00000,0.00000,0.00000,0.00000,0.00000,0.00000,0.00000,0.00000,0.00000,0.00000,0.00000,0.00000,0.00000,0.00000,0.00000,0.00000,0.00000
0.40906,0.02359,0.02838,0.08255,0.24227,0.37012,0.32198,0.00012,0.10091,0.22431,0.50717,0.07074,0.04498,0.37650,0.06672,0.14406,0.26945,0.04572,0.05244,0.01614,0.12404,0.06861,0.26899,0.16325,0.22718,0.22063,0.03517,0.04677,0.00000,0.00000,0.00000,0.00000,0.00000,0.00000,0.00000,0.00000,0.00000,0.00000,0.00000,0.00000,0.00000,0.00000,0.00000,0.00000,0.00000,0.00000,0.00000,0.00000,0.00000,0.00000,0.00000,0.00000,0.00000,0.00000,0.00000,0.00000,0.00000,0.00000,0.00000,0.00000,0.00000,0.00000,0.00000,0.00000,0.00000,0.00000,0.00000,0.00000,0.00000,0.00000,0.00000,0.00000,0.00000,0.00000,0.00000,0.00000,0.00000,0.00000,0.00000,0.00000,0.00000,0.00000,0.00000,0.00000,0.00000,0.00000,0.00000,0.00000,0.00000
0.19029,0.40565,0.44115,0.21585,0.16796,0.19225,0.26438,0.06156,0.08428,0.09367,0.08691,0.05139,0.38072,0.02424,0.00257,0.00941,0.01370,0.12620,0.17954,0.19178,0.05810,0.04956,0.06507,0.27370,0.06263,0.01747,0.02919,0.27164,0.07622,0.00000,0.00000,0.00000,0.00000,0.00000,0.00000,0.00000,0.00000,0.00000,0.00000,0.00000,0.00000,0.00000,0.00000,0.00000,0.00000,0.00000,0.00000,0.00000,0.00000,0.00000,0.00000,0.00000,0.00000,0.00000,0.00000,0.00000,0.00000,0.00000,0.00000,0.00000,0.00000,0.00000,0.00000,0.00000,0.00000,0.00000,0.00000,0.00000,0.00000,0.00000,0.00000,0.00000,0.00000,0.00000,0.00000,0.00000,0.00000,0.00000,0.00000,0.00000,0.00000,0.00000,0.00000,0.00000,0.00000,0.00000,0.00000,0.00000,0.00000
0.32197,0.17414,0.26045,0.39541,0.09178,0.35912,0.02118,0.04431,0.03676,0.07443,0.13364,0.19819,0.12774,0.12231,0.08816,0.10806,0.33704,0.00705,0.02958,0.16751,0.21738,0.26051,0.15625,0.19907,0.11673,0.17411,0.08352,0.04710,0.07475,0.09912,0.00000,0.00000,0.00000,0.00000,0.00000,0.00000,0.00000,0.00000,0.00000,0.00000,0.00000,0.00000,0.00000,0.00000,0.00000,0.00000,0.00000,0.00000,0.00000,0.00000,0.00000,0.00000,0.00000,0.00000,0.00000,0.00000,0.00000,0.00000,0.00000,0.00000,0.00000,0.00000,0.00000,0.00000,0.00000,0.00000,0.00000,0.00000,0.00000,0.00000,0.00000,0.00000,0.00000,0.00000,0.00000,0.00000,0.00000,0.00000,0.00000,0.00000,0.00000,0.00000,0.00000,0.00000,0.00000,0.00000,0.00000,0.00000,0.00000
0.28312,0.10573,0.42873,0.15613,0.08114,0.48815,0.06062,0.12370,0.06574,0.01569,0.22075,0.12501,0.27863,0.33336,0.02045,0.30030,0.01146,0.25662,0.24024,0.06608,0.01423,0.06954,0.09062,0.29046,0.29425,0.05356,0.05264,0.22268,0.22141,0.25908,0.00743,0.00000,0.00000,0.00000,0.00000,0.00000,0.00000,0.00000,0.00000,0.00000,0.00000,0.00000,0.00000,0.00000,0.00000,0.00000,0.00000,0.00000,0.00000,0.00000,0.00000,0.00000,0.00000,0.00000,0.00000,0.00000,0.00000,0.00000,0.00000,0.00000,0.00000,0.00000,0.00000,0.00000,0.00000,0.00000,0.00000,0.00000,0.00000,0.00000,0.00000,0.00000,0.00000,0.00000,0.00000,0.00000,0.00000,0.00000,0.00000,0.00000,0.00000,0.00000,0.00000,0.00000,0.00000,0.00000,0.00000,0.00000,0.00000
0.25785,0.07920,0.32219,0.16964,0.06879,0.16573,0.17133,0.21089,0.10614,0.35579,0.00077,0.02582,0.08191,0.16370,0.53156,0.05326,0.04623,0.27410,0.05514,0.35831,0.11655,0.22413,0.10687,0.16969,0.03107,0.00564,0.23940,0.31213,0.01308,0.21191,0.10634,0.04578,0.00000,0.00000,0.00000,0.00000,0.00000,0.00000,0.00000,0.00000,0.00000,0.00000,0.00000,0.00000,0.00000,0.00000,0.00000,0.00000,0.00000,0.00000,0.00000,0.00000,0.00000,0.00000,0.00000,0.00000,0.00000,0.00000,0.00000,0.00000,0.00000,0.00000,0.00000,0.00000,0.00000,0.00000,0.00000,0.00000,0.00000,0.00000,0.00000,0.00000,0.00000,0.00000,0.00000,0.00000,0.00000,0.00000,0.00000,0.00000,0.00000,0.00000,0.00000,0.00000,0.00000,0.00000,0.00000,0.00000,0.00000
0.14719,0.37240,0.31160,0.11922,0.15385,0.07637,0.42004,0.00612,0.04103,0.05734,0.20709,0.11121,0.03821,0.18078,0.03954,0.00783,0.01471,0.25544,0.04086,0.04856,0.03311,0.30792,0.16213,0.27673,0.12782,0.11904,0.03307,0.16783,0.27853,0.35449,0.15281,0.02554,0.11670,0.00000,0.00000,0.00000,0.00000,0.00000,0.00000,0.00000,0.00000,0.00000,0.00000,0.00000,0.00000,0.00000,0.00000,0.00000,0.00000,0.00000,0.00000,0.00000,0.00000,0.00000,0.00000,0.00000,0.00000,0.00000,0.00000,0.00000,0.00000,0.00000,0.00000,0.00000,0.00000,0.00000,0.00000,0.00000,0.00000,0.00000,0.00000,0.00000,0.00000,0.00000,0.00000,0.00000,0.00000,0.00000,0.00000,0.00000,0.00000,0.00000,0.00000,0.00000,0.00000,0.00000,0.00000,0.00000,0.00000
0.05250,0.11574,0.32304,0.37712,0.43032,0.05841,0.33325,0.00514,0.37703,0.09350,0.05803,0.10823,0.17598,0.09059,0.11252,0.15193,0.03643,0.11098,0.16890,0.12924,0.10845,0.13636,0.17769,0.01468,0.06956,0.08473,0.04603,0.04553,0.01056,0.25026,0.08287,0.24980,0.01132,0.15363,0.00000,0.00000,0.00000,0.00000,0.00000,0.00000,0.00000,0.00000,0.00000,0.00000,0.00000,0.00000,0.00000,0.00000,0.00000,0.00000,0.00000,0.00000,0.00000,0.00000,0.00000,0.00000,0.00000,0.00000,0.00000,0.00000,0.00000,0.00000,0.00000,0.00000,0.00000,0.00000,0.00000,0.00000,0.00000,0.00000,0.00000,0.00000,0.00000,0.00000,0.00000,0.00000,0.00000,0.00000,0.00000,0.00000,0.00000,0.00000,0.00000,0.00000,0.00000,0.00000,0.00000,0.00000,0.00000
0.28645,0.00028,0.20652,0.00810,0.03185,0.11044,0.13651,0.12531,0.05230,0.16009,0.17788,0.13940,0.13153,0.37652,0.15788,0.14053,0.05160,0.15298,0.15952,0.06853,0.13432,0.39395,0.05981,0.13433,0.01300,0.14851,0.21270,0.06325,0.37104,0.07064,0.00995,0.09080,0.03845,0.01167,0.03150,0.00000,0.00000,0.00000,0.00000,0.00000,0.00000,0.00000,0.00000,0.00000,0.00000,0.00000,0.00000,0.00000,0.00000,0.00000,0.00000,0.00000,0.00000,0.00000,0.00000,0.00000,0.00000,0.00000,0.00000,0.00000,0.00000,0.00000,0.00000,0.00000,0.00000,0.00000,0.00000,0.00000,0.00000,0.00000,0.00000,0.00000,0.00000,0.00000,0.00000,0.00000,0.00000,0.00000,0.00000,0.00000,0.00000,0.00000,0.00000,0.00000,0.00000,0.00000,0.00000,0.00000,0.00000
0.20724,0.18393,0.27358,0.02827,0.22265,0.11834,0.19579,0.21446,0.08862,0.02871,0.12072,0.05643,0.32800,0.16294,0.01877,0.43537,0.14432,0.42024,0.38652,0.03991,0.08767,0.31139,0.06351,0.03104,0.24051,0.47028,0.20869,0.16025,0.05746,0.07486,0.23258,0.27191,0.02194,0.12497,0.01666,0.14641,0.00000,0.00000,0.00000,0.00000,0.00000,0.00000,0.00000,0.00000,0.00000,0.00000,0.00000,0.00000,0.00000,0.00000,0.00000,0.00000,0.00000,0.00000,0.00000,0.00000,0.00000,0.00000,0.00000,0.00000,0.00000,0.00000,0.00000,0.00000,0.00000,0.00000,0.00000,0.00000,0.00000,0.00000,0.00000,0.00000,0.00000,0.00000,0.00000,0.00000,0.00000,0.00000,0.00000,0.00000,0.00000,0.00000,0.00000,0.00000,0.00000,0.00000,0.00000,0.00000,0.00000
0.16972,0.00144,0.35364,0.13742,0.20492,0.01749,0.20342,0.07215,0.09079,0.10124,0.34303,0.22152,0.09699,0.25623,0.37377,0.28763,0.15158,0.09791,0.20705,0.13194,0.15302,0.23899,0.02918,0.43145,0.33746,0.00857,0.03342,0.06456,0.10188,0.19278,0.21068,0.36340,0.19041,0.20895,0.04149,0.12095,0.04246,0.00000,0.00000,0.00000,0.00000,0.00000,0.00000,0.00000,0.00000,0.00000,0.00000,0.00000,0.00000,0.00000,0.00000,0.00000,0.00000,0.00000,0.00000,0.00000,0.00000,0.00000,0.00000,0.00000,0.00000,0.00000,0.00000,0.00000,0.00000,0.00000,0.00000,0.00000,0.00000,0.00000,0.00000,0.00000,0.00000,0.00000,0.00000,0.00000,0.00000,0.00000,0.00000,0.00000,0.00000,0.00000,0.00000,0.00000,0.00000,0.00000,0.00000,0.00000,0.00000
0.38230,0.19426,0.25536,0.06215,0.28824,0.09908,0.11200,0.28999,0.11838,0.27855,0.10015,0.34856,0.05808,0.23396,0.25109,0.04632,0.09248,0.05999,0.14336,0.34613,0.47646,0.23257,0.03383,0.00234,0.23028,0.31926,0.15140,0.28231,0.19803,0.07135,0.25851,0.09897,0.16628,0.03574,0.00120,0.11561,0.13642,0.13906,0.00000,0.00000,0.00000,0.00000,0.00000,0.00000,0.00000,0.00000,0.00000,0.00000,0.00000,0.00000,0.00000,0.00000,0.00000,0.00000,0.00000,0.00000,0.00000,0.00000,0.00000,0.00000,0.00000,0.00000,0.00000,0.00000,0.00000,0.00000,0.00000,0.00000,0.00000,0.00000,0.00000,0.00000,0.00000,0.00000,0.00000,0.00000,0.00000,0.00000,0.00000,0.00000,0.00000,0.00000,0.00000,0.00000,0.00000,0.00000,0.00000,0.00000,0.00000
0.18610,0.31564,0.07796,0.25069,0.03597,0.28727,0.26306,0.06179,0.32898,0.36498,0.24147,0.16136,0.22670,0.34714,0.10220,0.19630,0.19111,0.25556,0.12111,0.27317,0.48265,0.11251,0.04969,0.08958,0.18474,0.24848,0.15233,0.09501,0.21704,0.06583,0.05531,0.14326,0.06827,0.13650,0.11911,0.21014,0.05882,0.16157,0.12055,0.00000,0.00000,0.00000,0.00000,0.00000,0.00000,0.00000,0.00000,0.00000,0.00000,0.00000,0.00000,0.00000,0.00000,0.00000,0.00000,0.00000,0.00000,0.00000,0.00000,0.00000,0.00000,0.00000,0.00000,0.00000,0.00000,0.00000,0.00000,0.00000,0.00000,0.00000,0.00000,0.00000,0.00000,0.00000,0.00000,0.00000,0.00000,0.00000,0.00000,0.00000,0.00000,0.00000,0.00000,0.00000,0.00000,0.00000,0.00000,0.00000,0.00000
0.29761,0.21777,0.01201,0.25679,0.03930,0.05298,0.29196,0.43287,0.22012,0.34976,0.17431,0.18896,0.02094,0.01998,0.18635,0.16241,0.30078,0.04641,0.05545,0.33682,0.00790,0.00090,0.17497,0.14703,0.19686,0.01766,0.05000,0.00536,0.19348,0.24455,0.00187,0.01767,0.03283,0.24212,0.11661,0.16093,0.07434,0.06471,0.05540,0.09039,0.00000,0.00000,0.00000,0.00000,0.00000,0.00000,0.00000,0.00000,0.00000,0.00000,0.00000,0.00000,0.00000,0.00000,0.00000,0.00000,0.00000,0.00000,0.00000,0.00000,0.00000,0.00000,0.00000,0.00000,0.00000,0.00000,0.00000,0.00000,0.00000,0.00000,0.00000,0.00000,0.00000,0.00000,0.00000,0.00000,0.00000,0.00000,0.00000,0.00000,0.00000,0.00000,0.00000,0.00000,0.00000,0.00000,0.00000,0.00000,0.00000
0.03416,0.01826,0.19475,0.21774,0.16028,0.12398,0.14546,0.11644,0.34130,0.23078,0.02628,0.29455,0.01293,0.09718,0.26068,0.08291,0.13992,0.14571,0.33539,0.04069,0.04958,0.25067,0.22484,0.15230,0.15015,0.03903,0.29161,0.13257,0.00933,0.09619,0.09557,0.29886,0.18437,0.09440,0.16980,0.01259,0.19864,0.02055,0.15085,0.00174,0.27572,0.00000,0.00000,0.00000,0.00000,0.00000,0.00000,0.00000,0.00000,0.00000,0.00000,0.00000,0.00000,0.00000,0.00000,0.00000,0.00000,0.00000,0.00000,0.00000,0.00000,0.00000,0.00000,0.00000,0.00000,0.00000,0.00000,0.00000,0.00000,0.00000,0.00000,0.00000,0.00000,0.00000,0.00000,0.00000,0.00000,0.00000,0.00000,0.00000,0.00000,0.00000,0.00000,0.00000,0.00000,0.00000,0.00000,0.00000,0.00000
0.24912,0.30382,0.17029,0.36650,0.41297,0.11902,0.47543,0.18123,0.07966,0.28487,0.12873,0.18094,0.10467,0.11857,0.21127,0.08035,0.19237,0.13937,0.00205,0.26042,0.25204,0.14254,0.30310,0.09675,0.38728,0.16096,0.07653,0.06489,0.18716,0.21838,0.15811,0.23512,0.01709,0.25410,0.19448,0.02051,0.02111,0.20283,0.03785,0.06665,0.30231,0.08305,0.00000,0.00000,0.00000,0.00000,0.00000,0.00000,0.00000,0.00000,0.00000,0.00000,0.00000,0.00000,0.00000,0.00000,0.00000,0.00000,0.00000,0.00000,0.00000,0.00000,0.00000,0.00000,0.00000,0.00000,0.00000,0.00000,0.00000,0.00000,0.00000,0.00000,0.00000,0.00000,0.00000,0.00000,0.00000,0.00000,0.00000,0.00000,0.00000,0.00000,0.00000,0.00000,0.00000,0.00000,0.00000,0.00000,0.00000
0.35316,0.09177,0.30594,0.40539,0.40812,0.04651,0.28584,0.10543,0.09851,0.24826,0.01315,0.20217,0.01982,0.02245,0.19256,0.40166,0.25050,0.07231,0.22741,0.07730,0.44436,0.10643,0.50793,0.01077,0.08715,0.14138,0.28152,0.05798,0.21790,0.13106,0.19514,0.02116,0.04551,0.01113,0.11421,0.00601,0.08374,0.04294,0.05696,0.10579,0.26294,0.17255,0.41399,0.00000,0.00000,0.00000,0.00000,0.00000,0.00000,0.00000,0.00000,0.00000,0.00000,0.00000,0.00000,0.00000,0.00000,0.00000,0.00000,0.00000,0.00000,0.00000,0.00000,0.00000,0.00000,0.00000,0.00000,0.00000,0.00000,0.00000,0.00000,0.00000,0.00000,0.00000,0.00000,0.00000,0.00000,0.00000,0.00000,0.00000,0.00000,0.00000,0.00000,0.00000,0.00000,0.00000,0.00000,0.00000,0.00000
0.22627,0.37660,0.00948,0.09767,0.04698,0.02822,0.11729,0.08321,0.00373,0.26461,0.14576,0.20356,0.13993,0.28295,0.12826,0.05779,0.04012,0.06711,0.05238,0.27110,0.29969,0.00567,0.08403,0.28630,0.07023,0.03224,0.14746,0.03248,0.03234,0.03375,0.02709,0.07424,0.12668,0.07931,0.07853,0.09063,0.10696,0.02973,0.30638,0.45439,0.09804,0.12495,0.12995,0.14997,0.00000,0.00000,0.00000,0.00000,0.00000,0.00000,0.00000,0.00000,0.00000,0.00000,0.00000,0.00000,0.00000,0.00000,0.00000,0.00000,0.00000,0.00000,0.00000,0.00000,0.00000,0.00000,0.00000,0.00000,0.00000,0.00000,0.00000,0.00000,0.00000,0.00000,0.00000,0.00000,0.00000,0.00000,0.00000,0.00000,0.00000,0.00000,0.00000,0.00000,0.00000,0.00000,0.00000,0.00000,0.00000
0.23008,0.08296,0.28692,0.10161,0.25352,0.21279,0.03906,0.07663,0.04197,0.30743,0.19837,0.04994,0.30805,0.16001,0.28241,0.11588,0.07703,0.02838,0.03444,0.05886,0.03450,0.41110,0.22635,0.11256,0.43773,0.29089,0.04649,0.07714,0.17413,0.18808,0.36001,0.14799,0.04975,0.06031,0.07014,0.25934,0.20667,0.24953,0.31736,0.04580,0.17614,0.19038,0.22119,0.18870,0.09666,0.00000,0.00000,0.00000,0.00000,0.00000,0.00000,0.00000,0.00000,0.00000,0.00000,0.00000,0.00000,0.00000,0.00000,0.00000,0.00000,0.00000,0.00000,0.00000,0.00000,0.00000,0.00000,0.00000,0.00000,0.00000,0.00000,0.00000,0.00000,0.00000,0.00000,0.00000,0.00000,0.00000,0.00000,0.00000,0.00000,0.00000,0.00000,0.00000,0.00000,0.00000,0.00000,0.00000,0.00000
0.04798,0.11542,0.03911,0.12388,0.17949,0.03806,0.22222,0.06299,0.13621,0.07619,0.27125,0.11038,0.04806,0.02304,0.01141,0.23188,0.33223,0.19536,0.21366,0.00508,0.07012,0.28128,0.13009,0.09709,0.00671,0.08113,0.23151,0.12588,0.02490,0.13661,0.17531,0.10722,0.12044,0.12076,0.06168,0.04216,0.36074,0.17634,0.06208,0.16183,0.11774,0.17771,0.01590,0.03333,0.05440,0.06139,0.00000,0.00000,0.00000,0.00000,0.00000,0.00000,0.00000,0.00000,0.00000,0.00000,0.00000,0.00000,0.00000,0.00000,0.00000,0.00000,0.00000,0.00000,0.00000,0.00000,0.00000,0.00000,0.00000,0.00000,0.00000,0.00000,0.00000,0.00000,0.00000,0.00000,0.00000,0.00000,0.00000,0.00000,0.00000,0.00000,0.00000,0.00000,0.00000,0.00000,0.00000,0.00000,0.00000
0.01963,0.20402,0.15087,0.26525,0.00004,0.06894,0.19806,0.31856,0.14323,0.13201,0.14421,0.12305,0.31797,0.02921,0.24408,0.38700,0.15044,0.04321,0.01396,0.05389,0.15852,0.02865,0.01096,0.12488,0.18612,0.24716,0.45511,0.13720,0.05315,0.02557,0.08615,0.08211,0.12439,0.09645,0.11258,0.19943,0.33009,0.20902,0.03493,0.14379,0.06366,0.03142,0.02122,0.41546,0.00114,0.09016,0.18072,0.00000,0.00000,0.00000,0.00000,0.00000,0.00000,0.00000,0.00000,0.00000,0.00000,0.00000,0.00000,0.00000,0.00000,0.00000,0.00000,0.00000,0.00000,0.00000,0.00000,0.00000,0.00000,0.00000,0.00000,0.00000,0.00000,0.00000,0.00000,0.00000,0.00000,0.00000,0.00000,0.00000,0.00000,0.00000,0.00000,0.00000,0.00000,0.00000,0.00000,0.00000,0.00000
0.19228,0.24461,0.14926,0.16850,0.01600,0.06123,0.19361,0.44913,0.34098,0.18461,0.41237,0.33678,0.23861,0.22104,0.06221,0.28707,0.09493,0.02483,0.06309,0.39995,0.03485,0.05451,0.20241,0.13613,0.31852,0.14320,0.24246,0.23621,0.31515,0.27617,0.34724,0.11033,0.14128,0.16209,0.05107,0.31754,0.07362,0.37460,0.02371,0.31691,0.31308,0.00853,0.03881,0.20250,0.14274,0.05169,0.02804,0.23361,0.00000,0.00000,0.00000,0.00000,0.00000,0.00000,0.00000,0.00000,0.00000,0.00000,0.00000,0.00000,0.00000,0.00000,0.00000,0.00000,0.00000,0.00000,0.00000,0.00000,0.00000,0.00000,0.00000,0.00000,0.00000,0.00000,0.00000,0.00000,0.00000,0.00000,0.00000,0.00000,0.00000,0.00000,0.00000,0.00000,0.00000,0.00000,0.00000,0.00000,0.00000
0.19029,0.16437,0.12682,0.13447,0.00253,0.15307,0.01781,0.17580,0.03625,0.04383,0.24373,0.04274,0.31676,0.46895,0.06128,0.31840,0.12104,0.02564,0.22905,0.11866,0.04578,0.07481,0.05055,0.16073,0.25232,0.08289,0.20488,0.12140,0.18779,0.19531,0.10983,0.11796,0.03979,0.06974,0.09579,0.36705,0.00889,0.11682,0.04486,0.08927,0.04155,0.17410,0.19691,0.09793,0.28783,0.14947,0.16138,0.03817,0.00447,0.00000,0.00000,0.00000,0.00000,0.00000,0.00000,0.00000,0.00000,0.00000,0.00000,0.00000,0.00000,0.00000,0.00000,0.00000,0.00000,0.00000,0.00000,0.00000,0.00000,0.00000,0.00000,0.00000,0.00000,0.00000,0.00000,0.00000,0.00000,0.00000,0.00000,0.00000,0.00000,0.00000,0.00000,0.00000,0.00000,0.00000,0.00000,0.00000,0.00000
0.00897,0.01956,0.27492,0.04842,0.24061,0.08084,0.33569,0.13273,0.17358,0.38676,0.07184,0.14218,0.04276,0.34036,0.26603,0.17395,0.02814,0.23409,0.14682,0.03719,0.13772,0.12621,0.07266,0.02349,0.09300,0.16083,0.07478,0.20247,0.24381,0.18943,0.03066,0.02109,0.13411,0.09052,0.39311,0.21180,0.17155,0.13899,0.07894,0.21225,0.03461,0.09638,0.05689,0.08421,0.28912,0.05273,0.05873,0.08690,0.00147,0.11813,0.00000,0.00000,0.00000,0.00000,0.00000,0.00000,0.00000,0.00000,0.00000,0.00000,0.00000,0.00000,0.00000,0.00000,0.00000,0.00000,0.00000,0.00000,0.00000,0.00000,0.00000,0.00000,0.00000,0.00000,0.00000,0.00000,0.00000,0.00000,0.00000,0.00000,0.00000,0.00000,0.00000,0.00000,0.00000,0.00000,0.00000,0.00000,0.00000
0.36729,0.18006,0.07228,0.07051,0.05141,0.19122,0.14088,0.20786,0.00538,0.18399,0.12991,0.20571,0.27473,0.20298,0.02856,0.00067,0.26151,0.02425,0.14340,0.10026,0.04676,0.06344,0.01882,0.21542,0.00414,0.04888,0.06553,0.05492,0.43205,0.17486,0.16912,0.13082,0.11578,0.05244,0.04831,0.09462,0.21912,0.03057,0.21332,0.15198,0.10757,0.04814,0.37409,0.09876,0.31294,0.03478,0.17441,0.03510,0.01509,0.09903,0.08604,0.00000,0.00000,0.00000,0.00000,0.00000,0.00000,0.00000,0.00000,0.00000,0.00000,0.00000,0.00000,0.00000,0.00000,0.00000,0.00000,0.00000,0.00000,0.00000,0.00000,0.00000,0.00000,0.00000,0.00000,0.00000,0.00000,0.00000,0.00000,0.00000,0.00000,0.00000,0.00000,0.00000,0.00000,0.00000,0.00000,0.00000,0.00000
0.38175,0.08975,0.37226,0.44798,0.04096,0.38718,0.10659,0.22396,0.20971,0.08109,0.24664,0.12702,0.17689,0.14330,0.16312,0.17003,0.02039,0.22594,0.03048,0.28733,0.10361,0.02159,0.13332,0.17581,0.13478,0.02560,0.06339,0.02273,0.11080,0.23514,0.19281,0.36867,0.22076,0.07029,0.09922,0.06571,0.28034,0.08899,0.12343,0.01143,0.12694,0.22980,0.07471,0.10870,0.01852,0.15038,0.13199,0.04136,0.00338,0.10019,0.00820,0.10323,0.00000,0.00000,0.00000,0.00000,0.00000,0.00000,0.00000,0.00000,0.00000,0.00000,0.00000,0.00000,0.00000,0.00000,0.00000,0.00000,0.00000,0.00000,0.00000,0.00000,0.00000,0.00000,0.00000,0.00000,0.00000,0.00000,0.00000,0.00000,0.00000,0.00000,0.00000,0.00000,0.00000,0.00000,0.00000,0.00000,0.00000
0.34876,0.05387,0.14562,0.09396,0.13595,0.00810,0.19249,0.17799,0.15679,0.18032,0.00500,0.19600,0.24108,0.04853,0.31261,0.02612,0.13837,0.51031,0.18950,0.11245,0.26580,0.01028,0.06718,0.01664,0.05044,0.08366,0.01447,0.02569,0.06550,0.17036,0.08482,0.15223,0.24231,0.17702,0.09715,0.02404,0.00790,0.18412,0.03851,0.12489,0.00499,0.19104,0.03603,0.01729,0.05444,0.20538,0.02206,0.09666,0.03532,0.07534,0.35100,0.01739,0.18482,0.00000,0.00000,0.00000,0.00000,0.00000,0.00000,0.00000,0.00000,0.00000,0.00000,0.00000,0.00000,0.00000,0.00000,0.00000,0.00000,0.00000,0.00000,0.00000,0.00000,0.00000,0.00000,0.00000,0.00000,0.00000,0.00000,0.00000,0.00000,0.00000,0.00000,0.00000,0.00000,0.00000,0.00000,0.00000,0.00000
0.26844,0.38220,0.32591,0.18648,0.43286,0.21341,0.31731,0.21908,0.14402,0.04725,0.00991,0.28921,0.18969,0.05233,0.28240,0.02453,0.25057,0.15103,0.20997,0.22458,0.35604,0.04826,0.21233,0.07082,0.24539,0.05533,0.15252,0.18218,0.28956,0.07434,0.08140,0.03124,0.01995,0.03776,0.26684,0.25610,0.05139,0.01801,0.27062,0.13284,0.02968,0.07743,0.30424,0.30104,0.40198,0.24603,0.10857,0.01459,0.11228,0.16148,0.04655,0.35991,0.03170,0.07012,0.00000,0.00000,0.00000,0.00000,0.00000,0.00000,0.00000,0.00000,0.00000,0.00000,0.00000,0.00000,0.00000,0.00000,0.00000,0.00000,0.00000,0.00000,0.00000,0.00000,0.00000,0.00000,0.00000,0.00000,0.00000,0.00000,0.00000,0.00000,0.00000,0.00000,0.00000,0.00000,0.00000,0.00000,0.00000
0.36428,0.45965,0.05630,0.04668,0.25752,0.11416,0.28284,0.33663,0.18022,0.19804,0.11214,0.13827,0.35050,0.29076,0.12401,0.01318,0.17324,0.31864,0.24203,0.44388,0.13712,0.17602,0.02042,0.13520,0.04399,0.19262,0.53905,0.07028,0.10752,0.01941,0.11424,0.08034,0.32557,0.34262,0.11138,0.19833,0.17224,0.05007,0.17370,0.13617,0.03585,0.20315,0.08358,0.02197,0.15677,0.14476,0.09432,0.28649,0.25397,0.41224,0.02119,0.10658,0.12253,0.04277,0.19229,0.00000,0.00000,0.00000,0.00000,0.00000,0.00000,0.00000,0.00000,0.00000,0.00000,0.00000,0.00000,0.00000,0.00000,0.00000,0.00000,0.00000,0.00000,0.00000,0.00000,0.00000,0.00000,0.00000,0.00000,0.00000,0.00000,0.00000,0.00000,0.00000,0.00000,0.00000,0.00000,0.00000,0.00000
0.33262,0.10986,0.19448,0.11088,0.29969,0.27430,0.06464,0.11236,0.02627,0.22894,0.10642,0.01167,0.44701,0.32378,0.15621,0.23125,0.12531,0.12060,0.40142,0.01588,0.24044,0.01414,0.00557,0.15858,0.23312,0.13213,0.16188,0.04753,0.06090,0.25219,0.04755,0.57198,0.05609,0.06472,0.31960,0.17130,0.13869,0.26508,0.00854,0.33904,0.12509,0.05569,0.08002,0.14323,0.36598,0.10027,0.10257,0.01373,0.08403,0.14135,0.09168,0.02850,0.14687,0.05864,0.30042,0.05096,0.00000,0.00000,0.00000,0.00000,0.00000,0.00000,0.00000,0.00000,0.00000,0.00000,0.00000,0.00000,0.00000,0.00000,0.00000,0.00000,0.00000,0.00000,0.00000,0.00000,0.00000,0.00000,0.00000,0.00000,0.00000,0.00000,0.00000,0.00000,0.00000,0.00000,0.00000,0.00000,0.00000
0.11928,0.13303,0.25542,0.22135,0.05228,0.11333,0.18746,0.05364,0.10503,0.12126,0.34350,0.12101,0.30703,0.19909,0.07099,0.22968,0.09196,0.17834,0.00952,0.17399,0.04145,0.02782,0.03050,0.05249,0.08237,0.07849,0.14571,0.13199,0.13547,0.25401,0.16559,0.02504,0.02026,0.05991,0.08102,0.30027,0.12699,0.18009,0.05207,0.07889,0.13504,0.16207,0.01653,0.03517,0.13343,0.01955,0.13813,0.06428,0.00443,0.32784,0.20175,0.00365,0.10589,0.08512,0.13697,0.14444,0.07186,0.00000,0.00000,0.00000,0.00000,0.00000,0.00000,0.00000,0.00000,0.00000,0.00000,0.00000,0.00000,0.00000,0.00000,0.00000,0.00000,0.00000,0.00000,0.00000,0.00000,0.00000,0.00000,0.00000,0.00000,0.00000,0.00000,0.00000,0.00000,0.00000,0.00000,0.00000,0.00000
0.28317,0.34622,0.34680,0.03595,0.21778,0.17270,0.21437,0.13876,0.17115,0.37965,0.05669,0.11956,0.31389,0.01806,0.29606,0.06127,0.00548,0.09162,0.19930,0.04909,0.14765,0.16005,0.18478,0.20448,0.13562,0.00298,0.00096,0.39706,0.16475,0.12721,0.04441,0.22310,0.15741,0.14779,0.17676,0.05214,0.05249,0.10916,0.15023,0.24128,0.09641,0.29937,0.09266,0.14524,0.04216,0.00244,0.29203,0.12332,0.13065,0.35471,0.22587,0.23246,0.16369,0.09176,0.18603,0.19315,0.30423,0.08230,0.00000,0.00000,0.00000,0.00000,0.00000,0.00000,0.00000,0.00000,0.00000,0.00000,0.00000,0.00000,0.00000,0.00000,0.00000,0.00000,0.00000,0.00000,0.00000,0.00000,0.00000,0.00000,0.00000,0.00000,0.00000,0.00000,0.00000,0.00000,0.00000,0.00000,0.00000
0.25218,0.05022,0.16013,0.09864,0.08770,0.11122,0.05338,0.16346,0.16115,0.09406,0.09975,0.16862,0.11941,0.25460,0.37883,0.05419,0.21991,0.16244,0.12626,0.01474,0.16068,0.03738,0.23513,0.10232,0.01115,0.06564,0.25200,0.33617,0.00150,0.02601,0.17804,0.01489,0.39802,0.05638,0.11924,0.07200,0.04671,0.16314,0.11346,0.18205,0.01807,0.04077,0.05922,0.04471,0.18177,0.10819,0.14721,0.18906,0.07359,0.01366,0.32215,0.11232,0.18873,0.30714,0.15634,0.04190,0.01541,0.08000,0.07181,0.00000,0.00000,0.00000,0.00000,0.00000,0.00000,0.00000,0.00000,0.00000,0.00000,0.00000,0.00000,0.00000,0.00000,0.00000,0.00000,0.00000,0.00000,0.00000,0.00000,0.00000,0.00000,0.00000,0.00000,0.00000,0.00000,0.00000,0.00000,0.00000,0.00000
0.25390,0.23905,0.15735,0.17128,0.18152,0.22938,0.29852,0.19589,0.12055,0.24681,0.28977,0.18857,0.00887,0.26679,0.01469,0.07386,0.06443,0.11090,0.18378,0.23387,0.10170,0.18509,0.06701,0.23255,0.07117,0.08937,0.24304,0.15952,0.03416,0.27323,0.03150,0.23338,0.01989,0.01916,0.03001,0.29339,0.10755,0.12196,0.00276,0.06102,0.17508,0.07692,0.31056,0.19678,0.03974,0.15615,0.22630,0.09476,0.05225,0.08072,0.14815,0.19245,0.17144,0.12950,0.04650,0.18787,0.30388,0.01453,0.11388,0.08985,0.00000,0.00000,0.00000,0.00000,0.00000,0.00000,0.00000,0.00000,0.00000,0.00000,0.00000,0.00000,0.00000,0.00000,0.00000,0.00000,0.00000,0.00000,0.00000,0.00000,0.00000,0.00000,0.00000,0.00000,0.00000,0.00000,0.00000,0.00000,0.00000
0.28879,0.37394,0.37276,0.28897,0.26577,0.11580,0.37229,0.17082,0.21951,0.16557,0.08426,0.10611,0.15589,0.06569,0.01767,0.10007,0.05077,0.14598,0.08562,0.09582,0.14417,0.00975,0.16784,0.32994,0.01179,0.08188,0.25505,0.06983,0.05813,0.02923,0.03952,0.11544,0.11751,0.22312,0.39048,0.00929,0.08423,0.04748,0.01125,0.01452,0.08635,0.07689,0.22705,0.16121,0.23322,0.09151,0.00948,0.08869,0.06504,0.02712,0.21411,0.02007,0.00894,0.13300,0.36427,0.28999,0.11497,0.18053,0.06121,0.17331,0.03688,0.00000,0.00000,0.00000,0.00000,0.00000,0.00000,0.00000,0.00000,0.00000,0.00000,0.00000,0.00000,0.00000,0.00000,0.00000,0.00000,0.00000,0.00000,0.00000,0.00000,0.00000,0.00000,0.00000,0.00000,0.00000,0.00000,0.00000,0.00000
0.27858,0.03649,0.03128,0.06062,0.10517,0.01152,0.10888,0.25654,0.03144,0.20202,0.37621,0.02932,0.15574,0.28376,0.11710,0.11159,0.17389,0.26971,0.30412,0.02529,0.24324,0.12955,0.10798,0.14767,0.26694,0.31649,0.05949,0.18602,0.46470,0.12425,0.09290,0.01346,0.01804,0.00980,0.21202,0.11325,0.29049,0.07639,0.12474,0.23491,0.02493,0.32526,0.03595,0.00099,0.10864,0.37591,0.00656,0.12479,0.05331,0.18100,0.23032,0.39937,0.02458,0.40066,0.21536,0.12940,0.09006,0.36235,0.00791,0.04386,0.14379,0.20756,0.00000,0.00000,0.00000,0.00000,0.00000,0.00000,0.00000,0.00000,0.00000,0.00000,0.00000,0.00000,0.00000,0.00000,0.00000,0.00000,0.00000,0.00000,0.00000,0.00000,0.00000,0.00000,0.00000,0.00000,0.00000,0.00000,0.00000
0.18780,0.26019,0.41867,0.47357,0.35933,0.31594,0.06432,0.20529,0.31149,0.03606,0.42735,0.20643,0.01118,0.18699,0.05169,0.24408,0.01048,0.19949,0.00742,0.07239,0.29044,0.05998,0.18042,0.02401,0.03459,0.11702,0.08266,0.23123,0.25253,0.25261,0.03431,0.27064,0.18451,0.18418,0.07946,0.27991,0.08800,0.17829,0.04386,0.26757,0.10257,0.22999,0.11773,0.05673,0.14304,0.04060,0.08145,0.09222,0.03777,0.17169,0.13444,0.35803,0.02988,0.01999,0.17312,0.03403,0.07591,0.25134,0.02219,0.00826,0.04947,0.20842,0.18741,0.00000,0.00000,0.00000,0.00000,0.00000,0.00000,0.00000,0.00000,0.00000,0.00000,0.00000,0.00000,0.00000,0.00000,0.00000,0.00000,0.00000,0.00000,0.00000,0.00000,0.00000,0.00000,0.00000,0.00000,0.00000,0.00000
0.18368,0.39638,0.14303,0.32022,0.34144,0.19250,0.32660,0.06743,0.09503,0.06875,0.02060,0.18435,0.19712,0.28019,0.08064,0.00190,0.30047,0.12493,0.27678,0.02324,0.24472,0.08407,0.21332,0.07860,0.18995,0.06644,0.03783,0.26410,0.11600,0.00484,0.07744,0.15418,0.11367,0.14560,0.23774,0.13661,0.12958,0.22882,0.10438,0.15429,0.29765,0.01912,0.46932,0.29976,0.42394,0.09582,0.08882,0.06694,0.20697,0.13376,0.03436,0.17917,0.03833,0.00994,0.47529,0.27602,0.34495,0.12530,0.02248,0.15163,0.08465,0.39829,0.07472,0.05572,0.00000,0.00000,0.00000,0.00000,0.00000,0.00000,0.00000,0.00000,0.00000,0.00000,0.00000,0.00000,0.00000,0.00000,0.00000,0.00000,0.00000,0.00000,0.00000,0.00000,0.00000,0.00000,0.00000,0.00000,0.00000
0.12300,0.21440,0.11457,0.01323,0.31981,0.46394,0.32349,0.04689,0.09895,0.12725,0.21195,0.01646,0.19877,0.19325,0.13142,0.02408,0.14096,0.13896,0.00290,0.06533,0.07529,0.06658,0.19205,0.10428,0.07959,0.28562,0.14827,0.14979,0.56125,0.05286,0.10513,0.23970,0.01831,0.33173,0.25490,0.28992,0.17888,0.22364,0.11304,0.01471,0.04612,0.01432,0.20932,0.09820,0.05463,0.08717,0.06661,0.00765,0.22866,0.02278,0.29502,0.30329,0.09145,0.02068,0.24048,0.04880,0.18552,0.13077,0.26496,0.05983,0.01889,0.01048,0.07152,0.12330,0.15701,0.00000,0.00000,0.00000,0.00000,0.00000,0.00000,0.00000,0.00000,0.00000,0.00000,0.00000,0.00000,0.00000,0.00000,0.00000,0.00000,0.00000,0.00000,0.00000,0.00000,0.00000,0.00000,0.00000,0.00000
0.20750,0.20919,0.09182,0.05672,0.25958,0.07537,0.16093,0.31396,0.13731,0.46368,0.23275,0.15085,0.16258,0.12983,0.04274,0.33559,0.07246,0.07233,0.06351,0.01715,0.00574,0.10613,0.05027,0.23806,0.19842,0.01995,0.12789,0.06353,0.04912,0.21072,0.08144,0.03570,0.16393,0.00631,0.21319,0.21687,0.00357,0.09721,0.14020,0.05101,0.44621,0.03565,0.01598,0.07482,0.12648,0.18274,0.14417,0.01909,0.10538,0.15745,0.24562,0.02596,0.06737,0.14083,0.00285,0.09989,0.17998,0.33973,0.02846,0.08114,0.09870,0.27575,0.15163,0.28892,0.07235,0.00899,0.00000,0.00000,0.00000,0.00000,0.00000,0.00000,0.00000,0.00000,0.00000,0.00000,0.00000,0.00000,0.00000,0.00000,0.00000,0.00000,0.00000,0.00000,0.00000,0.00000,0.00000,0.00000,0.00000
0.28026,0.36899,0.52727,0.25563,0.40858,0.10586,0.35911,0.48210,0.29795,0.10378,0.32926,0.19047,0.04452,0.12507,0.16015,0.03579,0.23023,0.07824,0.03355,0.15331,0.13354,0.24916,0.14372,0.08205,0.14539,0.03201,0.16632,0.05706,0.14562,0.22617,0.14620,0.29920,0.10798,0.07846,0.14265,0.40078,0.15472,0.03194,0.16648,0.10835,0.14969,0.15722,0.16939,0.20395,0.02852,0.24020,0.16183,0.06330,0.30911,0.17087,0.01465,0.12717,0.25406,0.07549,0.49708,0.23183,0.16758,0.37079,0.27053,0.08506,0.19635,0.12088,0.08559,0.36636,0.24050,0.13454,0.13375,0.00000,0.00000,0.00000,0.00000,0.00000,0.00000,0.00000,0.00000,0.00000,0.00000,0.00000,0.00000,0.00000,0.00000,0.00000,0.00000,0.00000,0.00000,0.00000,0.00000,0.00000,0.00000
0.03004,0.11071,0.21813,0.33645,0.12073,0.20100,0.03501,0.30610,0.20851,0.20967,0.06400,0.10874,0.15197,0.06224,0.07499,0.39151,0.28117,0.41686,0.16122,0.52333,0.24080,0.13609,0.18007,0.10483,0.10209,0.05586,0.23165,0.11610,0.16835,0.17137,0.24351,0.14551,0.22658,0.11136,0.11122,0.09846,0.33582,0.00239,0.18295,0.13423,0.43306,0.01928,0.00436,0.15492,0.02417,0.02378,0.26255,0.25091,0.21019,0.10987,0.01476,0.08715,0.30236,0.24896,0.00437,0.30758,0.09457,0.00100,0.07071,0.01796,0.00188,0.06135,0.10463,0.07678,0.06958,0.12420,0.22726,0.07367,0.00000,0.00000,0.00000,0.00000,0.00000,0.00000,0.00000,0.00000,0.00000,0.00000,0.00000,0.00000,0.00000,0.00000,0.00000,0.00000,0.00000,0.00000,0.00000,0.00000,0.00000
0.36641,0.03284,0.06095,0.20895,0.30681,0.06675,0.07684,0.15589,0.24898,0.17118,0.36040,0.00201,0.07889,0.29793,0.07185,0.13320,0.08299,0.15449,0.26806,0.03179,0.30282,0.34707,0.03747,0.20352,0.12803,0.26073,0.25539,0.27465,0.37464,0.09654,0.17593,0.02818,0.09093,0.25620,0.03823,0.10288,0.19904,0.38194,0.06582,0.14874,0.06280,0.17025,0.03524,0.00000,0.25140,0.22342,0.13635,0.10238,0.10197,0.10702,0.03071,0.40252,0.00111,0.05837,0.02183,0.21545,0.24104,0.13668,0.15900,0.15172,0.16392,0.09874,0.43367,0.43235,0.14312,0.03988,0.16520,0.10569,0.00275,0.00000,0.00000,0.00000,0.00000,0.00000,0.00000,0.00000,0.00000,0.00000,0.00000,0.00000,0.00000,0.00000,0.00000,0.00000,0.00000,0.00000,0.00000,0.00000,0.00000
0.24572,0.32697,0.08385,0.11545,0.30243,0.13403,0.03887,0.22151,0.32832,0.19021,0.08109,0.04461,0.22479,0.23844,0.09144,0.05980,0.13678,0.27629,0.04201,0.46229,0.17152,0.03322,0.11448,0.26334,0.10020,0.10780,0.17813,0.18141,0.03128,0.08357,0.00302,0.05973,0.17563,0.02671,0.22070,0.28602,0.16556,0.06417,0.14020,0.00260,0.05317,0.08776,0.05692,0.04370,0.01882,0.00474,0.02268,0.09906,0.06609,0.36783,0.06043,0.06254,0.11746,0.02804,0.15109,0.44605,0.04044,0.28104,0.04376,0.09698,0.25430,0.18409,0.26916,0.10647,0.03685,0.05359,0.16422,0.11677,0.06078,0.18203,0.00000,0.00000,0.00000,0.00000,0.00000,0.00000,0.00000,0.00000,0.00000,0.00000,0.00000,0.00000,0.00000,0.00000,0.00000,0.00000,0.00000,0.00000,0.00000
0.31824,0.17201,0.29490,0.31864,0.10944,0.39729,0.01716,0.09824,0.01133,0.13163,0.16683,0.10191,0.28787,0.11097,0.27665,0.02007,0.13038,0.03661,0.13540,0.20715,0.11294,0.16645,0.01505,0.18456,0.06238,0.02345,0.15689,0.28842,0.27404,0.23286,0.11613,0.11243,0.31517,0.10227,0.14854,0.30105,0.03627,0.01455,0.00270,0.34933,0.05384,0.08516,0.07030,0.06578,0.11250,0.24116,0.08308,0.10723,0.05032,0.12717,0.03515,0.14466,0.03578,0.29781,0.18761,0.07580,0.19887,0.04173,0.15319,0.25112,0.10924,0.01590,0.04231,0.43269,0.00805,0.26324,0.05650,0.15088,0.33249,0.23932,0.09895,0.00000,0.00000,0.00000,0.00000,0.00000,0.00000,0.00000,0.00000,0.00000,0.00000,0.00000,0.00000,0.00000,0.00000,0.00000,0.00000,0.00000,0.00000
0.22427,0.25436,0.07748,0.29565,0.35961,0.15454,0.13013,0.05192,0.16405,0.14290,0.49995,0.35465,0.16945,0.25828,0.01813,0.50850,0.02621,0.00008,0.15820,0.18938,0.39750,0.31745,0.07951,0.19631,0.41641,0.39973,0.08923,0.14875,0.10913,0.05441,0.04331,0.09709,0.17925,0.04980,0.09509,0.00024,0.24760,0.29752,0.18381,0.49121,0.03710,0.01350,0.19088,0.07960,0.12511,0.02551,0.00017,0.00807,0.25941,0.16449,0.13946,0.06293,0.09250,0.04389,0.11418,0.01106,0.32750,0.07439,0.02073,0.20869,0.07289,0.15603,0.13264,0.29329,0.12994,0.09091,0.20804,0.03661,0.08703,0.35750,0.11286,0.25991,0.00000,0.00000,0.00000,0.00000,0.00000,0.00000,0.00000,0.00000,0.00000,0.00000,0.00000,0.00000,0.00000,0.00000,0.00000,0.00000,0.00000
0.20634,0.22328,0.37765,0.04546,0.31723,0.03182,0.48342,0.21249,0.03648,0.26946,0.20297,0.10050,0.05003,0.14406,0.24456,0.32470,0.03523,0.04479,0.25251,0.19463,0.32061,0.04467,0.25477,0.05608,0.08736,0.13879,0.12058,0.31811,0.17598,0.11973,0.11244,0.18197,0.23482,0.24699,0.06617,0.10511,0.10946,0.10187,0.21816,0.10066,0.05869,0.20358,0.20200,0.32327,0.08163,0.03013,0.19485,0.09543,0.03734,0.01178,0.06643,0.02629,0.10250,0.09118,0.35346,0.16723,0.00724,0.12576,0.29817,0.08203,0.04759,0.32299,0.08277,0.21248,0.11040,0.04904,0.04871,0.31566,0.17444,0.01255,0.04500,0.12355,0.18250,0.00000,0.00000,0.00000,0.00000,0.00000,0.00000,0.00000,0.00000,0.00000,0.00000,0.00000,0.00000,0.00000,0.00000,0.00000,0.00000
0.13479,0.22883,0.29795,0.12860,0.05414,0.11753,0.02118,0.06047,0.27092,0.18206,0.09193,0.00179,0.30379,0.31164,0.39298,0.14810,0.32946,0.10373,0.12459,0.05368,0.11869,0.03533,0.09660,0.24855,0.16773,0.11134,0.18726,0.13352,0.03000,0.02659,0.08610,0.09158,0.28922,0.25301,0.21490,0.31725,0.09144,0.17346,0.00189,0.35518,0.12592,0.21379,0.01048,0.01567,0.13997,0.34198,0.04333,0.16555,0.11974,0.08949,0.05676,0.16843,0.05501,0.03884,0.28305,0.05017,0.19092,0.06467,0.06660,0.05300,0.17393,0.23647,0.00927,0.18543,0.14599,0.00313,0.01867,0.01302,0.13986,0.00341,0.14765,0.31941,0.01356,0.09641,0.00000,0.00000,0.00000,0.00000,0.00000,0.00000,0.00000,0.00000,0.00000,0.00000,0.00000,0.00000,0.00000,0.00000,0.00000
0.28589,0.24492,0.23206,0.20005,0.07972,0.13285,0.22488,0.12480,0.34557,0.12968,0.31610,0.09458,0.04853,0.20186,0.04235,0.21482,0.08644,0.15293,0.15436,0.25028,0.13796,0.01039,0.23565,0.18670,0.24701,0.14123,0.25222,0.22147,0.44766,0.29387,0.17626,0.17733,0.23748,0.06235,0.03923,0.25106,0.00167,0.14562,0.33920,0.05148,0.02608,0.17712,0.16034,0.08835,0.02642,0.22647,0.05977,0.03886,0.18671,0.18234,0.00253,0.12369,0.08562,0.00471,0.15917,0.07684,0.06778,0.06817,0.13688,0.09894,0.01826,0.12543,0.23221,0.32119,0.04949,0.13805,0.08749,0.09858,0.11388,0.26044,0.00854,0.14946,0.12679,0.09093,0.03139,0.00000,0.00000,0.00000,0.00000,0.00000,0.00000,0.00000,0.00000,0.00000,0.00000,0.00000,0.00000,0.00000,0.00000
0.02786,0.05834,0.22599,0.19870,0.29699,0.15104,0.18987,0.07925,0.20031,0.32493,0.32564,0.07935,0.18085,0.18450,0.34006,0.22162,0.21373,0.19275,0.27550,0.31831,0.19742,0.20373,0.22463,0.12594,0.24459,0.36190,0.10982,0.22731,0.24780,0.42142,0.16033,0.17227,0.28089,0.03074,0.32744,0.10101,0.19768,0.33768,0.01931,0.37104,0.18110,0.02201,0.07341,0.03390,0.03756,0.08268,0.13003,0.03708,0.36577,0.23376,0.11468,0.25412,0.09963,0.24674,0.07067,0.21599,0.23402,0.11408,0.22822,0.31541,0.07483,0.04197,0.18177,0.15309,0.13411,0.09797,0.01919,0.10403,0.11750,0.30614,0.28407,0.09271,0.35780,0.21969,0.06518,0.02402,0.00000,0.00000,0.00000,0.00000,0.00000,0.00000,0.00000,0.00000,0.00000,0.00000,0.00000,0.00000,0.00000
0.21996,0.02528,0.32688,0.18489,0.26646,0.01199,0.35785,0.24746,0.06977,0.12944,0.19846,0.20396,0.12586,0.21369,0.18124,0.09142,0.20182,0.06045,0.09691,0.10386,0.01111,0.15234,0.00293,0.19170,0.10917,0.21642,0.12416,0.27765,0.00797,0.00537,0.24021,0.00533,0.04267,0.24660,0.22396,0.00654,0.13481,0.10368,0.18548,0.02030,0.13770,0.14754,0.03203,0.03486,0.27331,0.07685,0.15671,0.04968,0.02184,0.07627,0.33345,0.21285,0.20132,0.32852,0.02061,0.14858,0.11925,0.02624,0.02533,0.18344,0.15180,0.13492,0.03193,0.14678,0.06263,0.03538,0.12931,0.06953,0.25133,0.04446,0.18684,0.08585,0.12437,0.21435,0.25155,0.01759,0.10665,0.00000,0.00000,0.00000,0.00000,0.00000,0.00000,0.00000,0.00000,0.00000,0.00000,0.00000,0.00000
0.09378,0.22537,0.40447,0.10862,0.37691,0.29724,0.38745,0.35338,0.21205,0.13405,0.11848,0.23705,0.16355,0.13881,0.46315,0.19458,0.05699,0.14839,0.14790,0.12991,0.08971,0.34658,0.09837,0.02412,0.11848,0.14019,0.03697,0.34313,0.11510,0.08815,0.03424,0.13108,0.06206,0.11861,0.09580,0.26351,0.03438,0.03792,0.30630,0.13491,0.25535,0.03801,0.13886,0.02252,0.11445,0.08538,0.15966,0.11571,0.07749,0.18981,0.33074,0.12692,0.10943,0.00972,0.13221,0.05398,0.05284,0.26845,0.49374,0.13247,0.03611,0.06357,0.03543,0.03750,0.01017,0.25181,0.26369,0.43882,0.28783,0.06810,0.15162,0.09906,0.00431,0.29872,0.10128,0.03549,0.15791,0.29418,0.00000,0.00000,0.00000,0.00000,0.00000,0.00000,0.00000,0.00000,0.00000,0.00000,0.00000
0.18503,0.26573,0.47286,0.10309,0.40815,0.16907,0.32375,0.38489,0.05839,0.07090,0.23669,0.12183,0.23318,0.10727,0.00155,0.00255,0.03874,0.00543,0.19322,0.25764,0.33048,0.20147,0.27917,0.11028,0.07043,0.04955,0.17449,0.22699,0.02374,0.11741,0.08041,0.30086,0.01565,0.03518,0.06187,0.09746,0.03063,0.09143,0.43808,0.01402,0.16242,0.01407,0.25432,0.20748,0.01155,0.03336,0.19315,0.04110,0.01029,0.10128,0.15171,0.08954,0.00766,0.21343,0.24743,0.11395,0.17391,0.13171,0.41020,0.01262,0.16310,0.33894,0.00628,0.22888,0.17605,0.13334,0.19808,0.22978,0.16839,0.04654,0.02537,0.04539,0.09374,0.46566,0.01017,0.00629,0.09999,0.37507,0.24058,0.00000,0.00000,0.00000,0.00000,0.00000,0.00000,0.00000,0.00000,0.00000,0.00000
0.12743,0.13648,0.09248,0.14975,0.11948,0.01820,0.20283,0.23006,0.22034,0.20868,0.09072,0.20473,0.21246,0.04012,0.01774,0.13479,0.29388,0.00781,0.23195,0.06449,0.04124,0.15350,0.13634,0.04927,0.09973,0.10188,0.11287,0.21323,0.15702,0.05393,0.25868,0.12739,0.02382,0.00902,0.16117,0.06602,0.38835,0.05273,0.18311,0.10716,0.13872,0.00888,0.04109,0.17562,0.33807,0.02020,0.29157,0.05520,0.09944,0.11395,0.12367,0.35719,0.16135,0.17387,0.17290,0.00415,0.19525,0.22462,0.10822,0.14472,0.10123,0.13964,0.18176,0.00917,0.19233,0.20920,0.06146,0.01306,0.16308,0.23880,0.08058,0.16909,0.00186,0.35905,0.02998,0.12982,0.06315,0.26885,0.06927,0.08344,0.00000,0.00000,0.00000,0.00000,0.00000,0.00000,0.00000,0.00000,0.00000
0.15002,0.22255,0.25617,0.19689,0.21357,0.18056,0.11518,0.07770,0.01186,0.27130,0.02315,0.05859,0.38282,0.12971,0.12212,0.28874,0.11419,0.32598,0.34534,0.14311,0.10744,0.13889,0.12814,0.21452,0.00779,0.11976,0.13491,0.01435,0.09847,0.30763,0.02418,0.28734,0.16575,0.06149,0.08435,0.01423,0.30762,0.13840,0.12319,0.00778,0.34175,0.26796,0.19388,0.18819,0.11732,0.03506,0.00449,0.11066,0.08267,0.34630,0.11119,0.16394,0.23435,0.28227,0.04862,0.22609,0.28110,0.02181,0.26442,0.10749,0.03228,0.04635,0.07444,0.07481,0.14768,0.02683,0.29022,0.17718,0.39852,0.00897,0.19572,0.18090,0.04001,0.02634,0.02426,0.01692,0.30953,0.18308,0.05374,0.04707,0.11805,0.00000,0.00000,0.00000,0.00000,0.00000,0.00000,0.00000,0.00000
0.36427,0.11418,0.25050,0.34401,0.13607,0.39482,0.04679,0.25380,0.14866,0.16685,0.00650,0.02245,0.07521,0.35085,0.00839,0.23439,0.07686,0.02207,0.07014,0.02376,0.23308,0.17519,0.06428,0.08456,0.48604,0.26194,0.00899,0.16395,0.13179,0.13268,0.44212,0.16776,0.08648,0.02802,0.04558,0.18922,0.15745,0.07983,0.32299,0.04307,0.12975,0.11131,0.05114,0.23911,0.07914,0.43794,0.03835,0.43334,0.42172,0.25092,0.03214,0.12306,0.30771,0.11267,0.01194,0.05551,0.03969,0.05531,0.09798,0.03245,0.19958,0.03845,0.07719,0.00692,0.12935,0.08909,0.16864,0.03499,0.20596,0.18025,0.08588,0.20246,0.05046,0.16411,0.01068,0.24352,0.00664,0.02489,0.08981,0.04857,0.03035,0.07971,0.00000,0.00000,0.00000,0.00000,0.00000,0.00000,0.00000
0.21342,0.17104,0.38592,0.02295,0.40419,0.20181,0.22635,0.35295,0.11498,0.22008,0.18317,0.11748,0.19359,0.16004,0.17051,0.08616,0.27093,0.32110,0.07715,0.20562,0.28052,0.55594,0.10424,0.03086,0.16318,0.27090,0.09868,0.19154,0.15960,0.06605,0.10282,0.05855,0.14829,0.36386,0.18660,0.32939,0.11606,0.18953,0.41294,0.10004,0.16794,0.01781,0.04733,0.26382,0.12853,0.36803,0.13763,0.00049,0.02840,0.02456,0.00298,0.08323,0.10833,0.15082,0.36264,0.29588,0.20891,0.15219,0.04639,0.10292,0.12205,0.20354,0.03345,0.13298,0.25023,0.07135,0.28341,0.34129,0.28359,0.02487,0.08411,0.02006,0.10803,0.27148,0.25841,0.01412,0.09641,0.30198,0.39329,0.11541,0.13529,0.29535,0.01268,0.00000,0.00000,0.00000,0.00000,0.00000,0.00000
0.13540,0.26149,0.21902,0.26992,0.37737,0.03702,0.10991,0.21300,0.32583,0.18815,0.16021,0.11537,0.28828,0.00349,0.21782,0.09550,0.08070,0.31322,0.01900,0.19940,0.14412,0.05336,0.14540,0.11741,0.12902,0.23005,0.06762,0.09398,0.17613,0.00884,0.00088,0.01915,0.13217,0.01818,0.12819,0.05343,0.01155,0.23722,0.08089,0.01317,0.09783,0.10911,0.18703,0.20473,0.12945,0.12468,0.10259,0.19227,0.13508,0.09137,0.09153,0.13368,0.01176,0.15644,0.03456,0.10042,0.02059,0.17540,0.20406,0.02282,0.08608,0.15591,0.35209,0.29942,0.14486,0.13979,0.14022,0.28606,0.04082,0.40493,0.26557,0.10963,0.07552,0.05821,0.21756,0.30372,0.29862,0.18927,0.23271,0.13244,0.02180,0.09258,0.11372,0.14459,0.00000,0.00000,0.00000,0.00000,0.00000
0.26956,0.39010,0.29913,0.11525,0.07241,0.05217,0.23978,0.01975,0.22995,0.00876,0.23169,0.12446,0.09755,0.08174,0.33642,0.11809,0.06458,0.43888,0.08185,0.11830,0.29968,0.11890,0.05877,0.30357,0.20745,0.04363,0.05385,0.30750,0.19601,0.24514,0.25013,0.00241,0.13447,0.33272,0.00779,0.01989,0.13115,0.31655,0.34803,0.22363,0.08609,0.13726,0.09620,0.09756,0.05475,0.09939,0.13272,0.05653,0.27741,0.00689,0.03899,0.03737,0.01884,0.25644,0.21880,0.21174,0.01226,0.25956,0.16704,0.17212,0.05078,0.21430,0.09095,0.24582,0.04145,0.34082,0.01968,0.00063,0.20668,0.02623,0.15395,0.05807,0.03390,0.15357,0.18310,0.12532,0.08480,0.00440,0.17977,0.15205,0.19983,0.07256,0.06477,0.27809,0.07213,0.00000,0.00000,0.00000,0.00000
0.27035,0.02600,0.13017,0.15422,0.23053,0.08921,0.06749,0.11677,0.26983,0.07727,0.00758,0.16758,0.07761,0.06179,0.11992,0.04560,0.17480,0.03372,0.11667,0.00745,0.04850,0.11381,0.20608,0.06423,0.12708,0.10340,0.00475,0.15047,0.09869,0.01790,0.15038,0.04951,0.07789,0.03837,0.05298,0.07360,0.17659,0.04945,0.18202,0.02372,0.14965,0.04375,0.17816,0.27861,0.06417,0.45064,0.21419,0.21594,0.13853,0.10142,0.09534,0.17062,0.17984,0.06831,0.19012,0.06008,0.00682,0.08617,0.05009,0.19711,0.01955,0.11568,0.22245,0.08409,0.28455,0.02302,0.19218,0.08750,0.14812,0.13064,0.08187,0.16036,0.21030,0.20395,0.04229,0.15392,0.16719,0.05403,0.01231,0.13033,0.06152,0.02135,0.38682,0.13504,0.01295,0.08212,0.00000,0.00000,0.00000
0.12244,0.45432,0.10184,0.09385,0.14171,0.09276,0.14950,0.11869,0.20492,0.24788,0.06696,0.11129,0.06922,0.24287,0.31807,0.32660,0.20390,0.28834,0.13077,0.18652,0.38524,0.00529,0.03045,0.22356,0.01034,0.06630,0.34294,0.14932,0.16235,0.02543,0.02858,0.14967,0.15291,0.21214,0.15327,0.13689,0.19698,0.02712,0.32898,0.32694,0.15357,0.00359,0.01496,0.20909,0.29231,0.01624,0.06814,0.30596,0.04422,0.07447,0.10722,0.11962,0.01676,0.18881,0.20807,0.21001,0.15539,0.07898,0.10201,0.04741,0.08401,0.25607,0.03616,0.30549,0.05802,0.21550,0.04058,0.00244,0.21127,0.04051,0.14731,0.08225,0.15787,0.12788,0.28165,0.15260,0.24121,0.02545,0.14523,0.12416,0.30436,0.16181,0.06230,0.11691,0.03125,0.50132,0.07290,0.00000,0.00000
0.20789,0.25075,0.13508,0.18496,0.02450,0.10932,0.00662,0.03946,0.28405,0.09031,0.00954,0.01890,0.21860,0.25658,0.06475,0.01527,0.16532,0.38600,0.19765,0.04055,0.18725,0.02724,0.14290,0.06170,0.03620,0.11719,0.11360,0.07080,0.06896,0.09817,0.00203,0.18787,0.04512,0.06079,0.22265,0.25878,0.04393,0.03764,0.21555,0.35838,0.06342,0.07327,0.07071,0.11912,0.26079,0.04791,0.14803,0.07529,0.14703,0.13374,0.03684,0.05155,0.27934,0.00603,0.30982,0.20031,0.34053,0.21234,0.19585,0.14434,0.11604,0.27137,0.17146,0.12442,0.43151,0.01360,0.02106,0.08302,0.06575,0.13243,0.03569,0.20585,0.02863,0.14556,0.18252,0.29966,0.10572,0.02100,0.15627,0.09194,0.22664,0.01704,0.07832,0.30160,0.13633,0.08832,0.05004,0.02850,0.00000
